id,user_id,amount,country,device,risk_score,fraud_detected,created_at,reasons,ml_probability,final_score,country_flag,device_flag,hour
8605,a8aaa8ad-074b-4819-99b9-d4c338812b07,423.81,Kuwait,web,0,False,2026-06-12T09:11:13.713432,,0.00128333177417517,0.05,0,0,9
8606,4e7274be-509c-4699-9187-7e4beb657d00,95.24,Croatia,mobile,0,False,2026-06-12T09:11:14.134642,,0.00190439634025097,0.08,0,0,9
8607,1d6a5300-7dd9-43d7-98bd-8cb6bf4d11f0,116.15,Brazil,web,0,False,2026-06-12T09:11:14.531623,,0.000278673716820776,0.01,0,0,9
8608,2ef6a68c-163f-45a8-95da-0652be040d82,274.28,Italy,web,0,False,2026-06-12T09:11:14.865086,,0.00128333177417517,0.05,0,0,9
8609,1e25bacf-5179-42fc-b335-a4ed5e804a51,25000.0,Norway,web,50,False,2026-06-12T09:11:15.524913,Large Amount Transaction,0.918588399887085,66.74,0,0,9
8610,7c56da77-a1cd-41fd-a150-6329bb1bee90,193.31,Kazakhstan,tablet,0,False,2026-06-12T09:11:15.843076,,0.000278673716820776,0.01,0,0,9
8611,052a9171-6742-4a70-8db8-b9267e30d1f1,289.47,Azerbaijan,mobile,0,False,2026-06-12T09:11:16.13341,,0.00128333177417517,0.05,0,0,9
8612,fe3d5545-89d6-4ed1-8f2f-03171bcdf38d,225.33,Cambodia,mobile,0,False,2026-06-12T09:11:16.43412,,0.000278673716820776,0.01,0,0,9
8613,ba533b6e-4348-47e2-ad15-44129b97a732,171.25,Andorra,web,0,False,2026-06-12T09:11:16.79955,,0.000278673716820776,0.01,0,0,9
8614,ed549761-87e7-4e9f-bb3d-0fdd8f449050,35000.0,Saint Martin,tablet,50,False,2026-06-12T09:11:17.375961,Large Amount Transaction,0.923499047756195,66.94,0,0,9
8615,fe3d5545-89d6-4ed1-8f2f-03171bcdf38d,133.86,Cambodia,mobile,0,False,2026-06-12T09:11:17.735222,,0.000278673716820776,0.01,0,0,9
8616,aa5fb4cb-758b-498f-976b-ea1886ffcc3d,253.06,Grenada,tablet,0,False,2026-06-12T09:11:18.247604,,0.00037066315417178,0.01,0,0,9
8617,4ca169c5-2122-4223-b848-47703d698c91,383.69,Turkey,tablet,0,False,2026-06-12T09:11:18.555472,,0.00128333177417517,0.05,0,0,9
8618,3a976aac-d5c3-4693-b3e2-5df84d9ba870,173.79,Panama,web,0,False,2026-06-12T09:11:18.839311,,0.000278673716820776,0.01,0,0,9
8619,150e8d9e-254f-468b-bb90-eb1f80a32017,25000.0,Botswana,tablet,50,False,2026-06-12T09:11:19.389053,Large Amount Transaction,0.918588399887085,66.74,0,0,9
8620,f5c910fa-5e89-44a0-a51d-b6cf5b4e5514,218.0,Isle of Man,tablet,0,False,2026-06-12T09:11:19.680477,,0.000278673716820776,0.01,0,0,9
8621,582f343b-a9c9-45ac-9e66-7778d23c879a,264.54,Zimbabwe,tablet,0,False,2026-06-12T09:11:20.017559,,0.0210982449352741,0.84,0,0,9
8622,2ef6a68c-163f-45a8-95da-0652be040d82,231.13,Italy,web,0,False,2026-06-12T09:11:20.525169,,0.000278673716820776,0.01,0,0,9
8623,f289d53b-4ecf-4029-9a10-dcce3f4cf795,86.88,Slovenia,mobile,0,False,2026-06-12T09:11:21.261819,,0.00190439634025097,0.08,0,0,9
8624,4fb7305a-d771-4d9f-925d-0a74c7b9aea8,50000.0,Romania,web,50,False,2026-06-12T09:11:21.923944,Large Amount Transaction,0.953642308712006,68.15,0,0,9
8625,2fb5eb00-4e61-4370-a65f-e7b902113554,389.49,Azerbaijan,tablet,0,False,2026-06-12T09:11:22.293726,,0.00128333177417517,0.05,0,0,9
8626,56305255-d4ee-4a10-85d6-59ca05d77ed8,219.41,Spain,tablet,0,False,2026-06-12T09:11:22.946745,,0.000278673716820776,0.01,0,0,9
8627,8b0a632c-4605-4eeb-ac19-1a75e578d73a,105.04,Christmas Island,mobile,0,False,2026-06-12T09:11:23.548682,,0.00190439634025097,0.08,0,0,9
8628,bab92479-a69e-438c-94f4-cacf9d203c31,361.88,French Guiana,web,0,False,2026-06-12T09:11:23.971354,,0.00128333177417517,0.05,0,0,9
8629,54631c19-c244-45bf-b0eb-2da3c50b641f,35000.0,Kuwait,mobile,50,False,2026-06-12T09:11:25.66034,Large Amount Transaction,0.923499047756195,66.94,0,0,9
8630,004887a0-ee0e-4eec-8816-feef9fc84f63,178.96,Central African Republic,tablet,0,False,2026-06-12T09:11:26.071826,,0.000278673716820776,0.01,0,0,9
8631,c1763fa2-074f-4db4-a8c1-068d3c38d34a,456.53,New Caledonia,mobile,0,False,2026-06-12T09:11:26.459537,,0.00128333177417517,0.05,0,0,9
8632,150e8d9e-254f-468b-bb90-eb1f80a32017,105.31,Botswana,tablet,0,False,2026-06-12T09:11:26.804305,,0.00190439634025097,0.08,0,0,9
8633,06d7dcb3-fda0-4e2f-a0f4-65a9a921568d,429.2,Saint Vincent and the Grenadines,web,0,False,2026-06-12T09:11:27.136158,,0.00128333177417517,0.05,0,0,9
8634,1c90a7b8-2c91-4c3f-8f24-95ef67dff31c,25000.0,Cyprus,tablet,50,False,2026-06-12T09:11:28.854988,Large Amount Transaction,0.918588399887085,66.74,0,0,9
8635,9f9c8d5f-9337-4708-8bc6-f1c6db3784fc,171.11,Finland,mobile,0,False,2026-06-12T09:11:29.248965,,0.000278673716820776,0.01,0,0,9
8636,709cc7a5-8424-4cc8-9344-a20622f38225,173.68,Reunion,mobile,0,False,2026-06-12T09:11:29.916365,,0.000278673716820776,0.01,0,0,9
8637,4cdd7716-ae71-4d6e-b386-8a897309d781,526.82,Saint Martin,web,0,False,2026-06-12T09:11:30.242158,,0.00128333177417517,0.05,0,0,9
8638,a11e66d9-b08f-4036-8333-df02617e84e0,439.87,Romania,tablet,0,False,2026-06-12T09:11:30.586088,,0.00128333177417517,0.05,0,0,9
8639,3165aedc-036f-41d0-b38e-31f658893545,35000.0,Jamaica,tablet,50,False,2026-06-12T09:11:31.255706,Large Amount Transaction,0.923499047756195,66.94,0,0,9
8640,bab92479-a69e-438c-94f4-cacf9d203c31,362.74,French Guiana,web,0,False,2026-06-12T09:11:31.895274,,0.00128333177417517,0.05,0,0,9
8641,052a9171-6742-4a70-8db8-b9267e30d1f1,312.95,Azerbaijan,mobile,0,False,2026-06-12T09:11:32.253776,,0.00128333177417517,0.05,0,0,9
8642,8e33e713-3bc1-4cde-9fe9-e66b1f941456,301.53,Western Sahara,mobile,0,False,2026-06-12T09:11:33.64162,,0.00128333177417517,0.05,0,0,9
8643,be3617df-fa86-4339-95f6-a189f0b4f7b6,219.48,Guernsey,mobile,0,False,2026-06-12T09:11:34.061613,,0.000278673716820776,0.01,0,0,9
8644,7c56da77-a1cd-41fd-a150-6329bb1bee90,25000.0,Kazakhstan,tablet,50,False,2026-06-12T09:11:34.721862,Large Amount Transaction,0.918588399887085,66.74,0,0,9
8645,b89350bd-41aa-4930-9f55-8ffa95e3f296,168.44,Senegal,web,0,False,2026-06-12T09:11:35.064144,,0.000278673716820776,0.01,0,0,9
8646,f7ea07bd-f4b8-400b-9fb1-63da2e01a76b,194.72,Gibraltar,tablet,0,False,2026-06-12T09:11:35.398242,,0.000278673716820776,0.01,0,0,9
8647,aef5b2fd-5fe9-40a2-8bf2-ecf6523d1b2a,213.34,Cape Verde,tablet,0,False,2026-06-12T09:11:35.719597,,0.000278673716820776,0.01,0,0,9
8648,4e7274be-509c-4699-9187-7e4beb657d00,128.44,Croatia,mobile,0,False,2026-06-12T09:11:36.063545,,0.000278673716820776,0.01,0,0,9
8649,aa3789d7-a67b-4256-afba-398a1e9fbc85,25000.0,New Caledonia,mobile,50,False,2026-06-12T09:11:37.018364,Large Amount Transaction,0.918588399887085,66.74,0,0,9
8650,aa3789d7-a67b-4256-afba-398a1e9fbc85,455.27,New Caledonia,mobile,0,False,2026-06-12T09:11:37.337038,,0.00128333177417517,0.05,0,0,9
8651,004887a0-ee0e-4eec-8816-feef9fc84f63,185.21,Central African Republic,tablet,0,False,2026-06-12T09:11:37.669874,,0.000278673716820776,0.01,0,0,9
8652,4528f83f-569d-4d54-9013-41ab1d04da59,259.18,Iceland,mobile,0,False,2026-06-12T09:11:38.103322,,0.00037066315417178,0.01,0,0,9
8653,5e6afdb4-5106-4287-a558-c06bcd465e84,148.69,Luxembourg,mobile,0,False,2026-06-12T09:11:38.475253,,0.000278673716820776,0.01,0,0,9
8654,18c833a0-55db-4cfd-bd35-9630620cb3c0,35000.0,Mongolia,tablet,50,False,2026-06-12T09:11:39.370066,Large Amount Transaction,0.923499047756195,66.94,0,0,9
8655,733c14b5-acbb-4e00-b3bf-b542ab3697d3,548.63,Greenland,tablet,0,False,2026-06-12T09:11:39.724889,,0.00128333177417517,0.05,0,0,9
8656,657b3aff-cb09-41cb-8038-ece0a732adcd,273.15,Kyrgyz Republic,tablet,0,False,2026-06-12T09:11:40.058259,,0.00128333177417517,0.05,0,0,9
8657,b3cd7d0c-542f-4f2d-8e98-7962a06f90d7,169.77,Cayman Islands,web,0,False,2026-06-12T09:11:40.386812,,0.000278673716820776,0.01,0,0,9
8658,4fb7305a-d771-4d9f-925d-0a74c7b9aea8,358.75,Romania,web,0,False,2026-06-12T09:11:40.698482,,0.00128333177417517,0.05,0,0,9
8659,ac2489d8-632e-4386-ac6d-6057105f3d1e,35000.0,Christmas Island,tablet,50,False,2026-06-12T09:11:41.483674,Large Amount Transaction,0.923499047756195,66.94,0,0,9
8660,f855de3e-26b7-4f72-9fb4-3a7c95435653,294.1,Guinea-Bissau,web,0,False,2026-06-12T09:11:42.143642,,0.00128333177417517,0.05,0,0,9
8661,86e18f2d-5537-43d9-83a7-826bfe7ffe6e,214.87,Tajikistan,mobile,0,False,2026-06-12T09:11:43.18433,,0.000278673716820776,0.01,0,0,9
8662,4cfa39f2-41aa-48d3-9774-cbff44e39a9c,280.82,French Guiana,web,0,False,2026-06-12T09:11:45.220493,,0.00128333177417517,0.05,0,0,9
8663,c71fab3a-c105-4f30-8e17-9081b39bfff3,118.31,Bhutan,tablet,0,False,2026-06-12T09:11:45.59074,,0.000278673716820776,0.01,0,0,9
8664,4e7274be-509c-4699-9187-7e4beb657d00,25000.0,Croatia,mobile,50,False,2026-06-12T09:11:46.600798,Large Amount Transaction,0.918588399887085,66.74,0,0,9
8665,fe3d5545-89d6-4ed1-8f2f-03171bcdf38d,182.89,Cambodia,mobile,0,False,2026-06-12T09:11:47.18086,,0.000278673716820776,0.01,0,0,9
8666,4cabde3a-7ac1-4178-96d9-335b5b20efef,401.32,El Salvador,tablet,0,False,2026-06-12T09:11:48.164549,,0.00128333177417517,0.05,0,0,9
8667,3dda87a5-5e2b-4a75-8980-f3d32de4180a,93.29,Papua New Guinea,tablet,0,False,2026-06-12T09:11:49.173384,,0.00190439634025097,0.08,0,0,9
8668,f855de3e-26b7-4f72-9fb4-3a7c95435653,267.21,Guinea-Bissau,web,0,False,2026-06-12T09:11:50.17851,,0.00128333177417517,0.05,0,0,9
8669,f5c910fa-5e89-44a0-a51d-b6cf5b4e5514,35000.0,Isle of Man,tablet,50,False,2026-06-12T09:11:51.599684,Large Amount Transaction,0.923499047756195,66.94,0,0,9
8670,9835a674-db53-4597-a9fa-06ea3a06c5de,377.49,Sweden,web,0,False,2026-06-12T09:11:52.171822,,0.00128333177417517,0.05,0,0,9
8671,4e7274be-509c-4699-9187-7e4beb657d00,147.7,Croatia,mobile,0,False,2026-06-12T09:11:53.182147,,0.000278673716820776,0.01,0,0,9
8672,2b143116-f177-4ec8-9202-9b6e40a581d3,45.58,Cape Verde,tablet,0,False,2026-06-12T09:11:54.190078,,0.0110521968454123,0.44,0,0,9
8673,1e25bacf-5179-42fc-b335-a4ed5e804a51,162.27,Norway,web,0,False,2026-06-12T09:11:55.1726,,0.000278673716820776,0.01,0,0,9
8674,20e2fee7-0c6f-4e89-95ce-bde23ab8e961,25000.0,Cambodia,mobile,50,False,2026-06-12T09:11:56.574112,Large Amount Transaction,0.918588399887085,66.74,0,0,9
8675,be3617df-fa86-4339-95f6-a189f0b4f7b6,205.67,Guernsey,mobile,0,False,2026-06-12T09:11:57.44385,,0.000278673716820776,0.01,0,0,9
8676,a76072ef-6c59-4614-8f9a-d154ef065962,161.57,British Virgin Islands,web,0,False,2026-06-12T09:11:58.154131,,0.000278673716820776,0.01,0,0,9
8677,fae654ac-c204-44cb-b9e3-c3cac08f4ef8,362.39,Marshall Islands,tablet,0,False,2026-06-12T09:11:59.189686,,0.00128333177417517,0.05,0,0,9
8678,ac2489d8-632e-4386-ac6d-6057105f3d1e,488.02,Christmas Island,tablet,0,False,2026-06-12T09:12:00.191299,,0.00128333177417517,0.05,0,0,9
8679,18c833a0-55db-4cfd-bd35-9630620cb3c0,50000.0,Mongolia,tablet,50,False,2026-06-12T09:12:01.548135,Large Amount Transaction,0.953642308712006,68.15,0,0,9
8680,a222b003-93ef-455a-8d5a-150e77198d43,259.86,Svalbard & Jan Mayen Islands,mobile,0,False,2026-06-12T09:12:02.168872,,0.00037066315417178,0.01,0,0,9
8681,0a2f8be7-bf13-4e5f-9777-f626aa23a1de,397.52,Malawi,mobile,0,False,2026-06-12T09:12:03.210066,,0.00128333177417517,0.05,0,0,9
8682,e4699fd1-2d55-4ab7-b7a8-10d13b5d9057,299.0,Uruguay,tablet,0,False,2026-06-12T09:12:04.196626,,0.00128333177417517,0.05,0,0,9
8683,4cabde3a-7ac1-4178-96d9-335b5b20efef,496.32,El Salvador,tablet,0,False,2026-06-12T09:12:05.186143,,0.00128333177417517,0.05,0,0,9
8684,8e33e713-3bc1-4cde-9fe9-e66b1f941456,25000.0,Western Sahara,mobile,50,False,2026-06-12T09:12:06.498025,Large Amount Transaction,0.918588399887085,66.74,0,0,9
8685,3165aedc-036f-41d0-b38e-31f658893545,130.3,Jamaica,tablet,0,False,2026-06-12T09:12:07.184898,,0.000278673716820776,0.01,0,0,9
8686,aa3789d7-a67b-4256-afba-398a1e9fbc85,294.28,New Caledonia,mobile,0,False,2026-06-12T09:12:08.18951,,0.00128333177417517,0.05,0,0,9
8687,4e3049c2-6d98-467b-99eb-f212ab41fae6,173.17,New Caledonia,tablet,0,False,2026-06-12T09:12:09.202125,,0.000278673716820776,0.01,0,0,9
8688,ea5d3fad-1a01-44c5-99c1-27e7bbbf4634,478.38,Vanuatu,web,0,False,2026-06-12T09:12:10.223718,,0.00128333177417517,0.05,0,0,9
8689,dd0be206-b7e1-45e6-90e2-d82c49f79f9e,25000.0,Ireland,tablet,50,False,2026-06-12T09:12:11.642829,Large Amount Transaction,0.918588399887085,66.74,0,0,9
8690,fbbf7a13-7c07-4530-8da7-4aa7a1fc0143,436.9,Myanmar,mobile,0,False,2026-06-12T09:12:12.228398,,0.00128333177417517,0.05,0,0,9
8691,3209a90c-ca58-4d4d-8c66-445af212a6d6,413.5,Samoa,mobile,0,False,2026-06-12T09:12:13.184602,,0.00128333177417517,0.05,0,0,9
8692,37a5cf2c-b700-4417-8f7f-4b86c5aca706,61.65,Egypt,web,0,False,2026-06-12T09:12:14.208349,,0.0110521968454123,0.44,0,0,9
8693,9f9c8d5f-9337-4708-8bc6-f1c6db3784fc,215.35,Finland,mobile,0,False,2026-06-12T09:12:15.183208,,0.000278673716820776,0.01,0,0,9
8694,657b3aff-cb09-41cb-8038-ece0a732adcd,25000.0,Kyrgyz Republic,tablet,50,False,2026-06-12T09:12:16.519139,Large Amount Transaction,0.918588399887085,66.74,0,0,9
8695,58d83f88-c433-4aee-8722-87955185d808,78.9,Puerto Rico,tablet,0,False,2026-06-12T09:12:17.199916,,0.00190439634025097,0.08,0,0,9
8696,4e7274be-509c-4699-9187-7e4beb657d00,80.67,Croatia,mobile,0,False,2026-06-12T09:12:18.195478,,0.00190439634025097,0.08,0,0,9
8697,11fce940-3040-44c4-b14c-aa5d8af49942,500.64,Cook Islands,tablet,0,False,2026-06-12T09:12:19.214348,,0.00128333177417517,0.05,0,0,9
8698,ea5d3fad-1a01-44c5-99c1-27e7bbbf4634,373.23,Vanuatu,web,0,False,2026-06-12T09:12:20.216699,,0.00128333177417517,0.05,0,0,9
8699,fcd628ea-f15d-45ae-af4c-73f15a026b16,35000.0,Svalbard & Jan Mayen Islands,web,50,False,2026-06-12T09:12:21.596221,Large Amount Transaction,0.923499047756195,66.94,0,0,9
8700,2b143116-f177-4ec8-9202-9b6e40a581d3,58.52,Cape Verde,tablet,0,False,2026-06-12T09:12:22.210719,,0.0110521968454123,0.44,0,0,9
8701,54631c19-c244-45bf-b0eb-2da3c50b641f,302.11,Kuwait,mobile,0,False,2026-06-12T09:12:23.253978,,0.00128333177417517,0.05,0,0,9
8702,2b143116-f177-4ec8-9202-9b6e40a581d3,69.42,Cape Verde,tablet,0,False,2026-06-12T09:12:25.228432,,0.0110521968454123,0.44,0,0,9
8703,cb4989e8-ac3a-41e3-aa3a-4599dfa49595,201.1,Gambia,tablet,0,False,2026-06-12T09:12:25.622848,,0.000278673716820776,0.01,0,0,9
8704,3f4f6281-8c3d-4b26-9516-5c3acc5ed053,35000.0,Guadeloupe,mobile,50,False,2026-06-12T09:12:26.512563,Large Amount Transaction,0.923499047756195,66.94,0,0,9
8705,56305255-d4ee-4a10-85d6-59ca05d77ed8,283.15,Spain,tablet,0,False,2026-06-12T09:12:27.801368,,0.00128333177417517,0.05,0,0,9
8706,c1c20160-6ff7-4eb8-8727-6ef9cf6a4f73,354.9,Czech Republic,tablet,0,False,2026-06-12T09:12:28.404363,,0.00128333177417517,0.05,0,0,9
8707,90e11c31-bf65-49d1-a545-ff52b58eef8d,287.88,Aruba,mobile,0,False,2026-06-12T09:12:29.252986,,0.00128333177417517,0.05,0,0,9
8708,ac2489d8-632e-4386-ac6d-6057105f3d1e,356.33,Christmas Island,tablet,0,False,2026-06-12T09:12:30.230215,,0.00128333177417517,0.05,0,0,9
8709,98d6b526-3ac2-4758-b7c8-4095408a1f45,35000.0,Djibouti,mobile,50,False,2026-06-12T09:12:31.598873,Large Amount Transaction,0.923499047756195,66.94,0,0,9
8710,3a282bbe-3fd2-4aa2-a7ca-aa71a9b91cbd,420.88,Mauritania,mobile,0,False,2026-06-12T09:12:32.243179,,0.00128333177417517,0.05,0,0,9
8711,4cfa39f2-41aa-48d3-9774-cbff44e39a9c,277.95,French Guiana,web,0,False,2026-06-12T09:12:33.324473,,0.00128333177417517,0.05,0,0,9
8712,150e8d9e-254f-468b-bb90-eb1f80a32017,105.97,Botswana,tablet,0,False,2026-06-12T09:12:34.261681,,0.00190439634025097,0.08,0,0,9
8713,c71fab3a-c105-4f30-8e17-9081b39bfff3,135.34,Bhutan,tablet,0,False,2026-06-12T09:12:35.241113,,0.000278673716820776,0.01,0,0,9
8714,f7ea07bd-f4b8-400b-9fb1-63da2e01a76b,35000.0,Gibraltar,tablet,50,False,2026-06-12T09:12:37.587823,Large Amount Transaction,0.923499047756195,66.94,0,0,9
8715,4fb7305a-d771-4d9f-925d-0a74c7b9aea8,177.89,Romania,web,0,False,2026-06-12T09:12:38.016811,,0.000278673716820776,0.01,0,0,9
8716,a025e1eb-e9d3-4e2d-9b94-7855a9e5fd45,378.0,New Caledonia,tablet,0,False,2026-06-12T09:12:38.647897,,0.00128333177417517,0.05,0,0,9
8717,5403d9b3-f7ca-43ca-8e33-8fa2f17fa349,211.05,British Indian Ocean Territory (Chagos Archipelago),web,0,False,2026-06-12T09:12:39.244561,,0.000278673716820776,0.01,0,0,9
8718,efa0191f-29e2-49b1-a689-e4e6b87fd049,228.68,Ecuador,web,0,False,2026-06-12T09:12:40.268209,,0.000278673716820776,0.01,0,0,9
8719,4ca169c5-2122-4223-b848-47703d698c91,50000.0,Turkey,tablet,50,False,2026-06-12T09:12:41.618134,Large Amount Transaction,0.953642308712006,68.15,0,0,9
8720,4cdd7716-ae71-4d6e-b386-8a897309d781,436.77,Saint Martin,web,0,False,2026-06-12T09:12:42.282751,,0.00128333177417517,0.05,0,0,9
8721,dd0be206-b7e1-45e6-90e2-d82c49f79f9e,244.03,Ireland,tablet,0,False,2026-06-12T09:12:43.263005,,0.00037066315417178,0.01,0,0,9
8722,e4699fd1-2d55-4ab7-b7a8-10d13b5d9057,286.45,Uruguay,tablet,0,False,2026-06-12T09:12:44.311195,,0.00128333177417517,0.05,0,0,9
8723,155d5e30-3c91-4703-a8c2-829bdb432135,190.85,Czech Republic,mobile,0,False,2026-06-12T09:12:45.265949,,0.000278673716820776,0.01,0,0,9
8724,86e18f2d-5537-43d9-83a7-826bfe7ffe6e,35000.0,Tajikistan,mobile,50,False,2026-06-12T09:12:46.638416,Large Amount Transaction,0.923499047756195,66.94,0,0,9
8725,4cdd7716-ae71-4d6e-b386-8a897309d781,395.66,Saint Martin,web,0,False,2026-06-12T09:12:47.242145,,0.00128333177417517,0.05,0,0,9
8726,a11e66d9-b08f-4036-8333-df02617e84e0,558.93,Romania,tablet,0,False,2026-06-12T09:12:49.244427,,0.00128333177417517,0.05,0,0,9
8727,a76072ef-6c59-4614-8f9a-d154ef065962,95.01,British Virgin Islands,web,0,False,2026-06-12T09:12:49.620593,,0.00190439634025097,0.08,0,0,9
8728,3a282bbe-3fd2-4aa2-a7ca-aa71a9b91cbd,439.21,Mauritania,mobile,0,False,2026-06-12T09:12:50.280662,,0.00128333177417517,0.05,0,0,9
8729,ba533b6e-4348-47e2-ad15-44129b97a732,35000.0,Andorra,web,50,False,2026-06-12T09:12:51.612985,Large Amount Transaction,0.923499047756195,66.94,0,0,9
8730,677ee3df-1b75-4921-8278-f13461361949,281.83,El Salvador,web,0,False,2026-06-12T09:12:52.264595,,0.00128333177417517,0.05,0,0,9
8731,2ef6a68c-163f-45a8-95da-0652be040d82,264.41,Italy,web,0,False,2026-06-12T09:12:53.346367,,0.0210982449352741,0.84,0,0,9
8732,86e18f2d-5537-43d9-83a7-826bfe7ffe6e,283.82,Tajikistan,mobile,0,False,2026-06-12T09:12:54.311656,,0.00128333177417517,0.05,0,0,9
8733,18c833a0-55db-4cfd-bd35-9630620cb3c0,169.83,Mongolia,tablet,0,False,2026-06-12T09:12:55.29352,,0.000278673716820776,0.01,0,0,9
8734,d72849d9-78a0-44d1-b8c3-53b544af3051,25000.0,Austria,web,50,False,2026-06-12T09:12:56.948283,Large Amount Transaction,0.918588399887085,66.74,0,0,9
8735,3f1d281d-2daa-47c4-a9fe-28e1a857ffd4,85.48,Pitcairn Islands,tablet,0,False,2026-06-12T09:12:57.322693,,0.00190439634025097,0.08,0,0,9
8736,657b3aff-cb09-41cb-8038-ece0a732adcd,295.73,Kyrgyz Republic,tablet,0,False,2026-06-12T09:12:58.28163,,0.00128333177417517,0.05,0,0,9
8737,ba533b6e-4348-47e2-ad15-44129b97a732,238.93,Andorra,web,0,False,2026-06-12T09:12:59.275149,,0.000278673716820776,0.01,0,0,9
8738,20e2fee7-0c6f-4e89-95ce-bde23ab8e961,131.86,Cambodia,mobile,0,False,2026-06-12T09:13:00.313677,,0.000278673716820776,0.01,0,0,9
8739,f855de3e-26b7-4f72-9fb4-3a7c95435653,50000.0,Guinea-Bissau,web,50,False,2026-06-12T09:13:01.944719,Large Amount Transaction,0.953642308712006,68.15,0,0,9
8740,a997d3f5-711e-412f-9c3b-bf0bb372531c,365.81,Portugal,mobile,0,False,2026-06-12T09:13:02.319535,,0.00128333177417517,0.05,0,0,9
8741,ef4827af-0b25-4890-9b5f-e87590fdc24b,389.93,Latvia,web,0,False,2026-06-12T09:13:03.750252,,0.00128333177417517,0.05,0,0,9
8742,79f31099-560a-4353-bb6e-c131951492da,462.46,Greece,mobile,0,False,2026-06-12T09:13:04.293693,,0.00128333177417517,0.05,0,0,9
8743,2fb5eb00-4e61-4370-a65f-e7b902113554,290.04,Azerbaijan,tablet,0,False,2026-06-12T09:13:05.357689,,0.00128333177417517,0.05,0,0,9
8744,be3617df-fa86-4339-95f6-a189f0b4f7b6,35000.0,Guernsey,mobile,50,False,2026-06-12T09:13:06.711881,Large Amount Transaction,0.923499047756195,66.94,0,0,9
8745,3f1d281d-2daa-47c4-a9fe-28e1a857ffd4,111.86,Pitcairn Islands,tablet,0,False,2026-06-12T09:13:07.344984,,0.000278673716820776,0.01,0,0,9
8746,5403d9b3-f7ca-43ca-8e33-8fa2f17fa349,206.51,British Indian Ocean Territory (Chagos Archipelago),web,0,False,2026-06-12T09:13:08.302852,,0.000278673716820776,0.01,0,0,9
8747,ed549761-87e7-4e9f-bb3d-0fdd8f449050,273.36,Saint Martin,tablet,0,False,2026-06-12T09:13:09.421679,,0.00128333177417517,0.05,0,0,9
8748,e4699fd1-2d55-4ab7-b7a8-10d13b5d9057,202.17,Uruguay,tablet,0,False,2026-06-12T09:13:10.310395,,0.000278673716820776,0.01,0,0,9
8749,ac2489d8-632e-4386-ac6d-6057105f3d1e,35000.0,Christmas Island,tablet,50,False,2026-06-12T09:13:11.954809,Large Amount Transaction,0.923499047756195,66.94,0,0,9
8750,4fb7305a-d771-4d9f-925d-0a74c7b9aea8,209.92,Romania,web,0,False,2026-06-12T09:13:12.312768,,0.000278673716820776,0.01,0,0,9
8751,d104afb2-5be0-4be3-ae01-ebe05691e88d,116.61,Norway,tablet,0,False,2026-06-12T09:13:13.372129,,0.000278673716820776,0.01,0,0,9
8752,8429c53f-e4e3-4538-ae8f-2d6a146853ee,275.66,Cambodia,mobile,0,False,2026-06-12T09:13:14.303729,,0.00128333177417517,0.05,0,0,9
8753,4e7274be-509c-4699-9187-7e4beb657d00,132.66,Croatia,mobile,0,False,2026-06-12T09:13:15.353873,,0.000278673716820776,0.01,0,0,9
8754,cd029776-f57f-431e-a943-f71c29d422db,50000.0,Cyprus,web,50,False,2026-06-12T09:13:16.66186,Large Amount Transaction,0.953642308712006,68.15,0,0,9
8755,4fb7305a-d771-4d9f-925d-0a74c7b9aea8,239.4,Romania,web,0,False,2026-06-12T09:13:17.299502,,0.000278673716820776,0.01,0,0,9
8756,8ff89b42-55d8-46ac-b75b-f02009293d37,458.4,Switzerland,tablet,0,False,2026-06-12T09:13:18.35872,,0.00128333177417517,0.05,0,0,9
8757,dd0be206-b7e1-45e6-90e2-d82c49f79f9e,249.81,Ireland,tablet,0,False,2026-06-12T09:13:19.315094,,0.00037066315417178,0.01,0,0,9
8758,dd0be206-b7e1-45e6-90e2-d82c49f79f9e,270.37,Ireland,tablet,0,False,2026-06-12T09:13:20.389341,,0.00128333177417517,0.05,0,0,9
8759,1c90a7b8-2c91-4c3f-8f24-95ef67dff31c,35000.0,Cyprus,tablet,50,False,2026-06-12T09:13:21.710698,Large Amount Transaction,0.923499047756195,66.94,0,0,9
8760,155d5e30-3c91-4703-a8c2-829bdb432135,106.05,Czech Republic,mobile,0,False,2026-06-12T09:13:22.347507,,0.00190439634025097,0.08,0,0,9
8761,ed549761-87e7-4e9f-bb3d-0fdd8f449050,207.42,Saint Martin,tablet,0,False,2026-06-12T09:13:23.327424,,0.000278673716820776,0.01,0,0,9
8762,f7ea07bd-f4b8-400b-9fb1-63da2e01a76b,177.63,Gibraltar,tablet,0,False,2026-06-12T09:13:24.354876,,0.000278673716820776,0.01,0,0,9
8763,677ee3df-1b75-4921-8278-f13461361949,392.64,El Salvador,web,0,False,2026-06-12T09:13:25.369122,,0.00128333177417517,0.05,0,0,9
8764,d104afb2-5be0-4be3-ae01-ebe05691e88d,25000.0,Norway,tablet,50,False,2026-06-12T09:13:26.682405,Large Amount Transaction,0.918588399887085,66.74,0,0,9
8765,98d6b526-3ac2-4758-b7c8-4095408a1f45,476.23,Djibouti,mobile,0,False,2026-06-12T09:13:27.308839,,0.00128333177417517,0.05,0,0,9
8766,90e11c31-bf65-49d1-a545-ff52b58eef8d,281.73,Aruba,mobile,0,False,2026-06-12T09:13:28.320864,,0.00128333177417517,0.05,0,0,9
8767,bab92479-a69e-438c-94f4-cacf9d203c31,470.39,French Guiana,web,0,False,2026-06-12T09:13:29.336555,,0.00128333177417517,0.05,0,0,9
8768,1d6a5300-7dd9-43d7-98bd-8cb6bf4d11f0,137.78,Brazil,web,0,False,2026-06-12T09:13:30.523184,,0.000278673716820776,0.01,0,0,9
8769,d72849d9-78a0-44d1-b8c3-53b544af3051,35000.0,Austria,web,50,False,2026-06-12T09:13:31.716129,Large Amount Transaction,0.923499047756195,66.94,0,0,9
8770,2b143116-f177-4ec8-9202-9b6e40a581d3,41.49,Cape Verde,tablet,0,False,2026-06-12T09:13:32.376884,,0.0110521968454123,0.44,0,0,9
8771,3f1d281d-2daa-47c4-a9fe-28e1a857ffd4,191.34,Pitcairn Islands,tablet,0,False,2026-06-12T09:13:33.33818,,0.000278673716820776,0.01,0,0,9
8772,4cfa39f2-41aa-48d3-9774-cbff44e39a9c,470.81,French Guiana,web,0,False,2026-06-12T09:13:34.35842,,0.00128333177417517,0.05,0,0,9
8773,150e8d9e-254f-468b-bb90-eb1f80a32017,95.88,Botswana,tablet,0,False,2026-06-12T09:13:35.362795,,0.00190439634025097,0.08,0,0,9
8774,d104afb2-5be0-4be3-ae01-ebe05691e88d,50000.0,Norway,tablet,50,False,2026-06-12T09:13:36.940665,Large Amount Transaction,0.953642308712006,68.15,0,0,9
8775,3f4f6281-8c3d-4b26-9516-5c3acc5ed053,236.85,Guadeloupe,mobile,0,False,2026-06-12T09:13:37.545059,,0.000278673716820776,0.01,0,0,9
8776,657b3aff-cb09-41cb-8038-ece0a732adcd,295.69,Kyrgyz Republic,tablet,0,False,2026-06-12T09:13:38.343735,,0.00128333177417517,0.05,0,0,9
8777,18c833a0-55db-4cfd-bd35-9630620cb3c0,183.15,Mongolia,tablet,0,False,2026-06-12T09:13:39.354937,,0.000278673716820776,0.01,0,0,9
8778,58d83f88-c433-4aee-8722-87955185d808,102.27,Puerto Rico,tablet,0,False,2026-06-12T09:13:40.380475,,0.00190439634025097,0.08,0,0,9
8779,d104afb2-5be0-4be3-ae01-ebe05691e88d,35000.0,Norway,tablet,50,False,2026-06-12T09:13:41.669265,Large Amount Transaction,0.923499047756195,66.94,0,0,9
8780,fae654ac-c204-44cb-b9e3-c3cac08f4ef8,340.33,Marshall Islands,tablet,0,False,2026-06-12T09:13:43.314514,,0.00128333177417517,0.05,0,0,9
8781,ea5d3fad-1a01-44c5-99c1-27e7bbbf4634,252.1,Vanuatu,web,0,False,2026-06-12T09:13:43.720571,,0.00037066315417178,0.01,0,0,9
8782,404d2f9b-cae7-4347-a9c8-a3302160941f,366.51,Congo,tablet,0,False,2026-06-12T09:13:44.588974,,0.00128333177417517,0.05,0,0,9
8783,582f343b-a9c9-45ac-9e66-7778d23c879a,258.19,Zimbabwe,tablet,0,False,2026-06-12T09:13:45.362218,,0.00037066315417178,0.01,0,0,9
8784,f289d53b-4ecf-4029-9a10-dcce3f4cf795,25000.0,Slovenia,mobile,50,False,2026-06-12T09:13:47.729925,Large Amount Transaction,0.918588399887085,66.74,0,0,9
8785,177a3942-5de6-457d-b4af-82b79ce0a649,75.92,Trinidad and Tobago,tablet,0,False,2026-06-12T09:13:48.149119,,0.0110521968454123,0.44,0,0,9
8786,404d2f9b-cae7-4347-a9c8-a3302160941f,395.04,Congo,tablet,0,False,2026-06-12T09:13:48.529219,,0.00128333177417517,0.05,0,0,9
8787,a025e1eb-e9d3-4e2d-9b94-7855a9e5fd45,285.34,New Caledonia,tablet,0,False,2026-06-12T09:13:49.399307,,0.00128333177417517,0.05,0,0,9
8788,a2635b89-a092-4f7f-ac6e-3f22e786d804,225.22,Ireland,web,0,False,2026-06-12T09:13:50.347167,,0.000278673716820776,0.01,0,0,9
8789,9f9c8d5f-9337-4708-8bc6-f1c6db3784fc,25000.0,Finland,mobile,50,False,2026-06-12T09:13:51.763188,Large Amount Transaction,0.918588399887085,66.74,0,0,9
8790,ed549761-87e7-4e9f-bb3d-0fdd8f449050,292.81,Saint Martin,tablet,0,False,2026-06-12T09:13:52.346406,,0.00128333177417517,0.05,0,0,9
8791,aef5b2fd-5fe9-40a2-8bf2-ecf6523d1b2a,355.29,Cape Verde,tablet,0,False,2026-06-12T09:13:53.375062,,0.00128333177417517,0.05,0,0,9
8792,86e18f2d-5537-43d9-83a7-826bfe7ffe6e,250.0,Tajikistan,mobile,0,False,2026-06-12T09:13:54.38748,,0.00037066315417178,0.01,0,0,9
8793,8cc521f1-3281-496f-9842-8c97b4ae414b,414.5,Rwanda,mobile,0,False,2026-06-12T09:13:55.440728,,0.00128333177417517,0.05,0,0,9
8794,0a2f8be7-bf13-4e5f-9777-f626aa23a1de,35000.0,Malawi,mobile,50,False,2026-06-12T09:13:56.953466,Large Amount Transaction,0.923499047756195,66.94,0,0,9
8795,48d4c1b7-1130-43ff-8f4a-ce9b14fbbaf4,451.01,Panama,web,0,False,2026-06-12T09:13:57.565114,,0.00128333177417517,0.05,0,0,9
8796,ac2489d8-632e-4386-ac6d-6057105f3d1e,279.33,Christmas Island,tablet,0,False,2026-06-12T09:13:58.438167,,0.00128333177417517,0.05,0,0,9
8797,8b0a632c-4605-4eeb-ac19-1a75e578d73a,132.28,Christmas Island,mobile,0,False,2026-06-12T09:13:59.386696,,0.000278673716820776,0.01,0,0,9
8798,98d6b526-3ac2-4758-b7c8-4095408a1f45,302.23,Djibouti,mobile,0,False,2026-06-12T09:14:00.442496,,0.00128333177417517,0.05,0,0,9
8799,9835a674-db53-4597-a9fa-06ea3a06c5de,35000.0,Sweden,web,50,False,2026-06-12T09:14:01.719219,Large Amount Transaction,0.923499047756195,66.94,0,0,9
8800,3165aedc-036f-41d0-b38e-31f658893545,136.65,Jamaica,tablet,0,False,2026-06-12T09:14:03.439808,,0.000278673716820776,0.01,0,0,9
8801,677ee3df-1b75-4921-8278-f13461361949,188.98,El Salvador,web,0,False,2026-06-12T09:14:03.802257,,0.000278673716820776,0.01,0,0,9
8802,7c56da77-a1cd-41fd-a150-6329bb1bee90,232.92,Kazakhstan,tablet,0,False,2026-06-12T09:14:04.38084,,0.000278673716820776,0.01,0,0,9
8803,79f31099-560a-4353-bb6e-c131951492da,490.6,Greece,mobile,0,False,2026-06-12T09:14:05.383643,,0.00128333177417517,0.05,0,0,9
8804,fbbf7a13-7c07-4530-8da7-4aa7a1fc0143,35000.0,Myanmar,mobile,50,False,2026-06-12T09:14:06.707973,Large Amount Transaction,0.923499047756195,66.94,0,0,9
8805,be3617df-fa86-4339-95f6-a189f0b4f7b6,214.03,Guernsey,mobile,0,False,2026-06-12T09:14:07.375198,,0.000278673716820776,0.01,0,0,9
8806,c71fab3a-c105-4f30-8e17-9081b39bfff3,116.82,Bhutan,tablet,0,False,2026-06-12T09:14:08.393972,,0.000278673716820776,0.01,0,0,9
8807,b89350bd-41aa-4930-9f55-8ffa95e3f296,126.66,Senegal,web,0,False,2026-06-12T09:14:09.703692,,0.000278673716820776,0.01,0,0,9
8808,177a3942-5de6-457d-b4af-82b79ce0a649,80.9,Trinidad and Tobago,tablet,0,False,2026-06-12T09:14:10.448862,,0.00190439634025097,0.08,0,0,9
8809,a025e1eb-e9d3-4e2d-9b94-7855a9e5fd45,35000.0,New Caledonia,tablet,50,False,2026-06-12T09:14:12.157619,Large Amount Transaction,0.923499047756195,66.94,0,0,9
8810,0a2f8be7-bf13-4e5f-9777-f626aa23a1de,485.97,Malawi,mobile,0,False,2026-06-12T09:14:12.731967,,0.00128333177417517,0.05,0,0,9
8811,fae654ac-c204-44cb-b9e3-c3cac08f4ef8,442.04,Marshall Islands,tablet,0,False,2026-06-12T09:14:13.431541,,0.00128333177417517,0.05,0,0,9
8812,f855de3e-26b7-4f72-9fb4-3a7c95435653,356.05,Guinea-Bissau,web,0,False,2026-06-12T09:14:14.424185,,0.00128333177417517,0.05,0,0,9
8813,677ee3df-1b75-4921-8278-f13461361949,343.77,El Salvador,web,0,False,2026-06-12T09:14:15.444441,,0.00128333177417517,0.05,0,0,9
8814,1d6a5300-7dd9-43d7-98bd-8cb6bf4d11f0,25000.0,Brazil,web,50,False,2026-06-12T09:14:16.801877,Large Amount Transaction,0.918588399887085,66.74,0,0,9
8815,3747c437-17b6-4e4e-a1ab-a02f7e9f9398,316.34,El Salvador,mobile,0,False,2026-06-12T09:14:17.426351,,0.00128333177417517,0.05,0,0,9
8816,18c833a0-55db-4cfd-bd35-9630620cb3c0,147.84,Mongolia,tablet,0,False,2026-06-12T09:14:18.67783,,0.000278673716820776,0.01,0,0,9
8817,dd0be206-b7e1-45e6-90e2-d82c49f79f9e,270.48,Ireland,tablet,0,False,2026-06-12T09:14:19.711365,,0.00128333177417517,0.05,0,0,9
8818,54631c19-c244-45bf-b0eb-2da3c50b641f,411.58,Kuwait,mobile,0,False,2026-06-12T09:14:20.435703,,0.00128333177417517,0.05,0,0,9
8819,8429c53f-e4e3-4538-ae8f-2d6a146853ee,25000.0,Cambodia,mobile,50,False,2026-06-12T09:14:21.824548,Large Amount Transaction,0.918588399887085,66.74,0,0,9
8820,98d6b526-3ac2-4758-b7c8-4095408a1f45,477.34,Djibouti,mobile,0,False,2026-06-12T09:14:22.428398,,0.00128333177417517,0.05,0,0,9
8821,582f343b-a9c9-45ac-9e66-7778d23c879a,117.15,Zimbabwe,tablet,0,False,2026-06-12T09:14:23.501334,,0.000278673716820776,0.01,0,0,9
8822,48d4c1b7-1130-43ff-8f4a-ce9b14fbbaf4,307.08,Panama,web,0,False,2026-06-12T09:14:24.415835,,0.00128333177417517,0.05,0,0,9
8823,c1c20160-6ff7-4eb8-8727-6ef9cf6a4f73,324.43,Czech Republic,tablet,0,False,2026-06-12T09:14:25.40844,,0.00128333177417517,0.05,0,0,9
8824,177a3942-5de6-457d-b4af-82b79ce0a649,25000.0,Trinidad and Tobago,tablet,50,False,2026-06-12T09:14:26.886305,Large Amount Transaction,0.918588399887085,66.74,0,0,9
8825,efa0191f-29e2-49b1-a689-e4e6b87fd049,213.97,Ecuador,web,0,False,2026-06-12T09:14:27.510118,,0.000278673716820776,0.01,0,0,9
8826,4cfa39f2-41aa-48d3-9774-cbff44e39a9c,379.16,French Guiana,web,0,False,2026-06-12T09:14:28.507927,,0.00128333177417517,0.05,0,0,9
8827,3209a90c-ca58-4d4d-8c66-445af212a6d6,369.29,Samoa,mobile,0,False,2026-06-12T09:14:29.482887,,0.00128333177417517,0.05,0,0,9
8828,2ef6a68c-163f-45a8-95da-0652be040d82,332.06,Italy,web,0,False,2026-06-12T09:14:30.523657,,0.00128333177417517,0.05,0,0,9
8829,2656481e-ad4a-4bcb-8305-a000a8e10d6e,50000.0,Georgia,mobile,50,False,2026-06-12T09:14:32.301916,Large Amount Transaction,0.953642308712006,68.15,0,0,9
8830,3209a90c-ca58-4d4d-8c66-445af212a6d6,241.11,Samoa,mobile,0,False,2026-06-12T09:14:32.681748,,0.000278673716820776,0.01,0,0,9
8831,efa0191f-29e2-49b1-a689-e4e6b87fd049,165.41,Ecuador,web,0,False,2026-06-12T09:14:33.460617,,0.000278673716820776,0.01,0,0,9
8832,cb4989e8-ac3a-41e3-aa3a-4599dfa49595,215.32,Gambia,tablet,0,False,2026-06-12T09:14:34.469038,,0.000278673716820776,0.01,0,0,9
8833,a222b003-93ef-455a-8d5a-150e77198d43,390.57,Svalbard & Jan Mayen Islands,mobile,0,False,2026-06-12T09:14:35.461318,,0.00128333177417517,0.05,0,0,9
8834,3a282bbe-3fd2-4aa2-a7ca-aa71a9b91cbd,35000.0,Mauritania,mobile,50,False,2026-06-12T09:14:37.875949,Large Amount Transaction,0.923499047756195,66.94,0,0,9
8835,8b0a632c-4605-4eeb-ac19-1a75e578d73a,107.66,Christmas Island,mobile,0,False,2026-06-12T09:14:38.25784,,0.00190439634025097,0.08,0,0,9
8836,ef4827af-0b25-4890-9b5f-e87590fdc24b,417.08,Latvia,web,0,False,2026-06-12T09:14:38.594859,,0.00128333177417517,0.05,0,0,9
8837,fe3d5545-89d6-4ed1-8f2f-03171bcdf38d,218.66,Cambodia,mobile,0,False,2026-06-12T09:14:39.458998,,0.000278673716820776,0.01,0,0,9
8838,d72849d9-78a0-44d1-b8c3-53b544af3051,332.36,Austria,web,0,False,2026-06-12T09:14:40.506885,,0.00128333177417517,0.05,0,0,9
8839,4cdd7716-ae71-4d6e-b386-8a897309d781,25000.0,Saint Martin,web,50,False,2026-06-12T09:14:42.804975,Large Amount Transaction,0.918588399887085,66.74,0,0,9
8840,fbbf7a13-7c07-4530-8da7-4aa7a1fc0143,404.25,Myanmar,mobile,0,False,2026-06-12T09:14:43.208242,,0.00128333177417517,0.05,0,0,9
8841,cd029776-f57f-431e-a943-f71c29d422db,136.21,Cyprus,web,0,False,2026-06-12T09:14:43.556357,,0.000278673716820776,0.01,0,0,9
8842,56305255-d4ee-4a10-85d6-59ca05d77ed8,241.66,Spain,tablet,0,False,2026-06-12T09:14:44.504696,,0.000278673716820776,0.01,0,0,9
8843,20e2fee7-0c6f-4e89-95ce-bde23ab8e961,123.6,Cambodia,mobile,0,False,2026-06-12T09:14:45.470578,,0.000278673716820776,0.01,0,0,9
8844,2656481e-ad4a-4bcb-8305-a000a8e10d6e,25000.0,Georgia,mobile,50,False,2026-06-12T09:14:46.840825,Large Amount Transaction,0.918588399887085,66.74,0,0,9
8845,9835a674-db53-4597-a9fa-06ea3a06c5de,293.67,Sweden,web,0,False,2026-06-12T09:14:47.516595,,0.00128333177417517,0.05,0,0,9
8846,1c90a7b8-2c91-4c3f-8f24-95ef67dff31c,212.32,Cyprus,tablet,0,False,2026-06-12T09:14:48.555545,,0.000278673716820776,0.01,0,0,9
8847,4ca169c5-2122-4223-b848-47703d698c91,260.25,Turkey,tablet,0,False,2026-06-12T09:14:49.475343,,0.00037066315417178,0.01,0,0,9
8848,a2635b89-a092-4f7f-ac6e-3f22e786d804,290.5,Ireland,web,0,False,2026-06-12T09:14:50.492792,,0.00128333177417517,0.05,0,0,9
8849,a8aaa8ad-074b-4819-99b9-d4c338812b07,25000.0,Kuwait,web,50,False,2026-06-12T09:14:51.908535,Large Amount Transaction,0.918588399887085,66.74,0,0,9
8850,eeaf0cfe-a227-40db-9bd4-5011ee603328,430.93,Mali,mobile,0,False,2026-06-12T09:14:52.495439,,0.00128333177417517,0.05,0,0,9
8851,8cc521f1-3281-496f-9842-8c97b4ae414b,479.21,Rwanda,mobile,0,False,2026-06-12T09:14:53.535568,,0.00128333177417517,0.05,0,0,9
8852,3a976aac-d5c3-4693-b3e2-5df84d9ba870,111.57,Panama,web,0,False,2026-06-12T09:14:54.509299,,0.000278673716820776,0.01,0,0,9
8853,b89350bd-41aa-4930-9f55-8ffa95e3f296,190.87,Senegal,web,0,False,2026-06-12T09:14:55.765039,,0.000278673716820776,0.01,0,0,9
8854,9835a674-db53-4597-a9fa-06ea3a06c5de,35000.0,Sweden,web,50,False,2026-06-12T09:14:56.825442,Large Amount Transaction,0.923499047756195,66.94,0,0,9
8855,86e18f2d-5537-43d9-83a7-826bfe7ffe6e,288.65,Tajikistan,mobile,0,False,2026-06-12T09:14:57.497334,,0.00128333177417517,0.05,0,0,9
8856,58d83f88-c433-4aee-8722-87955185d808,106.98,Puerto Rico,tablet,0,False,2026-06-12T09:14:58.501429,,0.00190439634025097,0.08,0,0,9
8857,3165aedc-036f-41d0-b38e-31f658893545,151.62,Jamaica,tablet,0,False,2026-06-12T09:14:59.811053,,0.000278673716820776,0.01,0,0,9
8858,e4699fd1-2d55-4ab7-b7a8-10d13b5d9057,279.4,Uruguay,tablet,0,False,2026-06-12T09:15:00.50743,,0.00128333177417517,0.05,0,0,9
8859,4fb7305a-d771-4d9f-925d-0a74c7b9aea8,25000.0,Romania,web,50,False,2026-06-12T09:15:02.999185,Large Amount Transaction,0.918588399887085,66.74,0,0,9
8860,404d2f9b-cae7-4347-a9c8-a3302160941f,226.01,Congo,tablet,0,False,2026-06-12T09:15:03.438097,,0.000278673716820776,0.01,0,0,9
8861,657b3aff-cb09-41cb-8038-ece0a732adcd,323.45,Kyrgyz Republic,tablet,0,False,2026-06-12T09:15:03.806693,,0.00128333177417517,0.05,0,0,9
8862,ea5d3fad-1a01-44c5-99c1-27e7bbbf4634,509.26,Vanuatu,web,0,False,2026-06-12T09:15:04.618423,,0.00128333177417517,0.05,0,0,9
8863,a222b003-93ef-455a-8d5a-150e77198d43,436.21,Svalbard & Jan Mayen Islands,mobile,0,False,2026-06-12T09:15:05.518132,,0.00128333177417517,0.05,0,0,9
8864,cb4989e8-ac3a-41e3-aa3a-4599dfa49595,50000.0,Gambia,tablet,50,False,2026-06-12T09:15:06.97512,Large Amount Transaction,0.953642308712006,68.15,0,0,9
8865,7c56da77-a1cd-41fd-a150-6329bb1bee90,214.6,Kazakhstan,tablet,0,False,2026-06-12T09:15:07.575215,,0.000278673716820776,0.01,0,0,9
8866,bab92479-a69e-438c-94f4-cacf9d203c31,433.75,French Guiana,web,0,False,2026-06-12T09:15:08.679389,,0.00128333177417517,0.05,0,0,9
8867,90e11c31-bf65-49d1-a545-ff52b58eef8d,205.55,Aruba,mobile,0,False,2026-06-12T09:15:09.538384,,0.000278673716820776,0.01,0,0,9
8868,8429c53f-e4e3-4538-ae8f-2d6a146853ee,288.11,Cambodia,mobile,0,False,2026-06-12T09:15:10.562214,,0.00128333177417517,0.05,0,0,9
8869,677ee3df-1b75-4921-8278-f13461361949,50000.0,El Salvador,web,50,False,2026-06-12T09:15:11.949099,Large Amount Transaction,0.953642308712006,68.15,0,0,9
8870,c1763fa2-074f-4db4-a8c1-068d3c38d34a,246.92,New Caledonia,mobile,0,False,2026-06-12T09:15:12.564652,,0.00037066315417178,0.01,0,0,9
8871,ed755cf4-817f-41b4-a603-7f507e92ecde,476.72,North Macedonia,web,0,False,2026-06-12T09:15:13.569701,,0.00128333177417517,0.05,0,0,9
8872,1d6a5300-7dd9-43d7-98bd-8cb6bf4d11f0,132.3,Brazil,web,0,False,2026-06-12T09:15:14.599659,,0.000278673716820776,0.01,0,0,9
8873,fbbf7a13-7c07-4530-8da7-4aa7a1fc0143,201.08,Myanmar,mobile,0,False,2026-06-12T09:15:15.573555,,0.000278673716820776,0.01,0,0,9
8874,177a3942-5de6-457d-b4af-82b79ce0a649,35000.0,Trinidad and Tobago,tablet,50,False,2026-06-12T09:15:16.858597,Large Amount Transaction,0.923499047756195,66.94,0,0,9
8875,fbbf7a13-7c07-4530-8da7-4aa7a1fc0143,434.11,Myanmar,mobile,0,False,2026-06-12T09:15:17.549663,,0.00128333177417517,0.05,0,0,9
8876,4528f83f-569d-4d54-9013-41ab1d04da59,229.59,Iceland,mobile,0,False,2026-06-12T09:15:18.582215,,0.000278673716820776,0.01,0,0,9
8877,ed549761-87e7-4e9f-bb3d-0fdd8f449050,360.04,Saint Martin,tablet,0,False,2026-06-12T09:15:19.536881,,0.00128333177417517,0.05,0,0,9
8878,d104afb2-5be0-4be3-ae01-ebe05691e88d,103.96,Norway,tablet,0,False,2026-06-12T09:15:20.726157,,0.00190439634025097,0.08,0,0,9
8879,58d83f88-c433-4aee-8722-87955185d808,50000.0,Puerto Rico,tablet,50,False,2026-06-12T09:15:21.926747,Large Amount Transaction,0.953642308712006,68.15,0,0,9
8880,d72849d9-78a0-44d1-b8c3-53b544af3051,429.65,Austria,web,0,False,2026-06-12T09:15:22.592541,,0.00128333177417517,0.05,0,0,9
8881,f855de3e-26b7-4f72-9fb4-3a7c95435653,320.49,Guinea-Bissau,web,0,False,2026-06-12T09:15:23.574049,,0.00128333177417517,0.05,0,0,9
8882,8b0a632c-4605-4eeb-ac19-1a75e578d73a,90.27,Christmas Island,mobile,0,False,2026-06-12T09:15:24.566503,,0.00190439634025097,0.08,0,0,9
8883,d19710ba-99fc-40ce-84bc-7d176c518f12,352.11,Wallis and Futuna,tablet,0,False,2026-06-12T09:15:25.611302,,0.00128333177417517,0.05,0,0,9
8884,9f9c8d5f-9337-4708-8bc6-f1c6db3784fc,35000.0,Finland,mobile,50,False,2026-06-12T09:15:26.934104,Large Amount Transaction,0.923499047756195,66.94,0,0,9
8885,4528f83f-569d-4d54-9013-41ab1d04da59,202.13,Iceland,mobile,0,False,2026-06-12T09:15:27.535166,,0.000278673716820776,0.01,0,0,9
8886,ba533b6e-4348-47e2-ad15-44129b97a732,151.13,Andorra,web,0,False,2026-06-12T09:15:28.576875,,0.000278673716820776,0.01,0,0,9
8887,5403d9b3-f7ca-43ca-8e33-8fa2f17fa349,131.54,British Indian Ocean Territory (Chagos Archipelago),web,0,False,2026-06-12T09:15:29.565657,,0.000278673716820776,0.01,0,0,9
8888,ba533b6e-4348-47e2-ad15-44129b97a732,235.98,Andorra,web,0,False,2026-06-12T09:15:30.643244,,0.000278673716820776,0.01,0,0,9
8889,cb4989e8-ac3a-41e3-aa3a-4599dfa49595,35000.0,Gambia,tablet,50,False,2026-06-12T09:15:31.963743,Large Amount Transaction,0.923499047756195,66.94,0,0,9
8890,f289d53b-4ecf-4029-9a10-dcce3f4cf795,88.95,Slovenia,mobile,0,False,2026-06-12T09:15:32.635728,,0.00190439634025097,0.08,0,0,9
8891,5e6afdb4-5106-4287-a558-c06bcd465e84,122.88,Luxembourg,mobile,0,False,2026-06-12T09:15:33.566794,,0.000278673716820776,0.01,0,0,9
8892,be3617df-fa86-4339-95f6-a189f0b4f7b6,174.92,Guernsey,mobile,0,False,2026-06-12T09:15:34.578494,,0.000278673716820776,0.01,0,0,9
8893,2dc79de2-05b4-4305-a26d-58b42f10fae0,538.63,Oman,mobile,0,False,2026-06-12T09:15:35.600304,,0.00128333177417517,0.05,0,0,9
8894,cb4989e8-ac3a-41e3-aa3a-4599dfa49595,35000.0,Gambia,tablet,50,False,2026-06-12T09:15:36.936674,Large Amount Transaction,0.923499047756195,66.94,0,0,9
8895,18c833a0-55db-4cfd-bd35-9630620cb3c0,146.39,Mongolia,tablet,0,False,2026-06-12T09:15:37.736667,,0.000278673716820776,0.01,0,0,9
8896,56305255-d4ee-4a10-85d6-59ca05d77ed8,242.05,Spain,tablet,0,False,2026-06-12T09:15:38.596846,,0.000278673716820776,0.01,0,0,9
8897,3f4f6281-8c3d-4b26-9516-5c3acc5ed053,193.67,Guadeloupe,mobile,0,False,2026-06-12T09:15:39.629856,,0.000278673716820776,0.01,0,0,9
8898,79f31099-560a-4353-bb6e-c131951492da,712.25,Greece,mobile,0,False,2026-06-12T09:15:40.620424,,0.00128333177417517,0.05,0,0,9
8899,4cabde3a-7ac1-4178-96d9-335b5b20efef,25000.0,El Salvador,tablet,50,False,2026-06-12T09:15:41.943045,Large Amount Transaction,0.918588399887085,66.74,0,0,9
8900,9f9c8d5f-9337-4708-8bc6-f1c6db3784fc,180.91,Finland,mobile,0,False,2026-06-12T09:15:42.628079,,0.000278673716820776,0.01,0,0,9
8901,b501ce32-1dcf-4dbf-8cbd-d6467378bf78,105.96,Vietnam,tablet,0,False,2026-06-12T09:15:44.587473,,0.00190439634025097,0.08,0,0,9
8902,be3617df-fa86-4339-95f6-a189f0b4f7b6,150.8,Guernsey,mobile,0,False,2026-06-12T09:15:44.930687,,0.000278673716820776,0.01,0,0,9
8903,c1763fa2-074f-4db4-a8c1-068d3c38d34a,350.17,New Caledonia,mobile,0,False,2026-06-12T09:15:45.603229,,0.00128333177417517,0.05,0,0,9
8904,2ef6a68c-163f-45a8-95da-0652be040d82,50000.0,Italy,web,50,False,2026-06-12T09:15:46.940284,Large Amount Transaction,0.953642308712006,68.15,0,0,9
8905,8ff89b42-55d8-46ac-b75b-f02009293d37,370.58,Switzerland,tablet,0,False,2026-06-12T09:15:47.62164,,0.00128333177417517,0.05,0,0,9
8906,90e11c31-bf65-49d1-a545-ff52b58eef8d,188.05,Aruba,mobile,0,False,2026-06-12T09:15:48.598195,,0.000278673716820776,0.01,0,0,9
8907,4e7274be-509c-4699-9187-7e4beb657d00,109.07,Croatia,mobile,0,False,2026-06-12T09:15:49.593097,,0.0184214431792498,0.74,0,0,9
8908,d72849d9-78a0-44d1-b8c3-53b544af3051,249.62,Austria,web,0,False,2026-06-12T09:15:50.634048,,0.00037066315417178,0.01,0,0,9
8909,9835a674-db53-4597-a9fa-06ea3a06c5de,35000.0,Sweden,web,50,False,2026-06-12T09:15:51.921203,Large Amount Transaction,0.923499047756195,66.94,0,0,9
8910,150e8d9e-254f-468b-bb90-eb1f80a32017,141.52,Botswana,tablet,0,False,2026-06-12T09:15:52.63111,,0.000278673716820776,0.01,0,0,9
8911,3f4f6281-8c3d-4b26-9516-5c3acc5ed053,275.78,Guadeloupe,mobile,0,False,2026-06-12T09:15:53.668155,,0.00128333177417517,0.05,0,0,9
8912,1d6a5300-7dd9-43d7-98bd-8cb6bf4d11f0,127.12,Brazil,web,0,False,2026-06-12T09:15:55.651354,,0.000278673716820776,0.01,0,0,9
8913,a8aaa8ad-074b-4819-99b9-d4c338812b07,475.11,Kuwait,web,0,False,2026-06-12T09:15:56.181935,,0.00128333177417517,0.05,0,0,9
8914,d19710ba-99fc-40ce-84bc-7d176c518f12,25000.0,Wallis and Futuna,tablet,50,False,2026-06-12T09:15:57.033175,Large Amount Transaction,0.918588399887085,66.74,0,0,9
8915,79f31099-560a-4353-bb6e-c131951492da,431.63,Greece,mobile,0,False,2026-06-12T09:15:57.659556,,0.00128333177417517,0.05,0,0,9
8916,2ef6a68c-163f-45a8-95da-0652be040d82,233.15,Italy,web,0,False,2026-06-12T09:15:58.660278,,0.000278673716820776,0.01,0,0,9
8917,4cdd7716-ae71-4d6e-b386-8a897309d781,504.44,Saint Martin,web,0,False,2026-06-12T09:15:59.623964,,0.00128333177417517,0.05,0,0,9
8918,aa5fb4cb-758b-498f-976b-ea1886ffcc3d,165.77,Grenada,tablet,0,False,2026-06-12T09:16:00.698548,,0.000278673716820776,0.01,0,0,9
8919,fe3d5545-89d6-4ed1-8f2f-03171bcdf38d,35000.0,Cambodia,mobile,50,False,2026-06-12T09:16:02.033694,Large Amount Transaction,0.923499047756195,66.94,0,0,9
8920,4e3049c2-6d98-467b-99eb-f212ab41fae6,172.67,New Caledonia,tablet,0,False,2026-06-12T09:16:02.634859,,0.000278673716820776,0.01,0,0,9
8921,efa0191f-29e2-49b1-a689-e4e6b87fd049,249.38,Ecuador,web,0,False,2026-06-12T09:16:03.662635,,0.00037066315417178,0.01,0,0,9
8922,cb4989e8-ac3a-41e3-aa3a-4599dfa49595,280.32,Gambia,tablet,0,False,2026-06-12T09:16:04.652328,,0.00128333177417517,0.05,0,0,9
8923,5e6afdb4-5106-4287-a558-c06bcd465e84,155.78,Luxembourg,mobile,0,False,2026-06-12T09:16:05.951042,,0.000278673716820776,0.01,0,0,9
8924,ed755cf4-817f-41b4-a603-7f507e92ecde,25000.0,North Macedonia,web,50,False,2026-06-12T09:16:07.785199,Large Amount Transaction,0.918588399887085,66.74,0,0,9
8925,4528f83f-569d-4d54-9013-41ab1d04da59,254.51,Iceland,mobile,0,False,2026-06-12T09:16:08.203882,,0.00037066315417178,0.01,0,0,9
8926,cd029776-f57f-431e-a943-f71c29d422db,186.21,Cyprus,web,0,False,2026-06-12T09:16:08.701539,,0.000278673716820776,0.01,0,0,9
8927,3209a90c-ca58-4d4d-8c66-445af212a6d6,363.82,Samoa,mobile,0,False,2026-06-12T09:16:09.708545,,0.00128333177417517,0.05,0,0,9
8928,a025e1eb-e9d3-4e2d-9b94-7855a9e5fd45,395.57,New Caledonia,tablet,0,False,2026-06-12T09:16:10.699421,,0.00128333177417517,0.05,0,0,9
8929,8429c53f-e4e3-4538-ae8f-2d6a146853ee,35000.0,Cambodia,mobile,50,False,2026-06-12T09:16:12.112193,Large Amount Transaction,0.923499047756195,66.94,0,0,9
8930,98d6b526-3ac2-4758-b7c8-4095408a1f45,405.32,Djibouti,mobile,0,False,2026-06-12T09:16:12.903879,,0.00128333177417517,0.05,0,0,9
8931,5e6afdb4-5106-4287-a558-c06bcd465e84,123.1,Luxembourg,mobile,0,False,2026-06-12T09:16:13.670784,,0.000278673716820776,0.01,0,0,9
8932,4528f83f-569d-4d54-9013-41ab1d04da59,218.8,Iceland,mobile,0,False,2026-06-12T09:16:14.67999,,0.000278673716820776,0.01,0,0,9
8933,54631c19-c244-45bf-b0eb-2da3c50b641f,448.1,Kuwait,mobile,0,False,2026-06-12T09:16:15.679166,,0.00128333177417517,0.05,0,0,9
8934,18c833a0-55db-4cfd-bd35-9630620cb3c0,35000.0,Mongolia,tablet,50,False,2026-06-12T09:16:17.053317,Large Amount Transaction,0.923499047756195,66.94,0,0,9
8935,bab92479-a69e-438c-94f4-cacf9d203c31,404.49,French Guiana,web,0,False,2026-06-12T09:16:18.666436,,0.00128333177417517,0.05,0,0,9
8936,c1c20160-6ff7-4eb8-8727-6ef9cf6a4f73,274.99,Czech Republic,tablet,0,False,2026-06-12T09:16:19.316415,,0.00128333177417517,0.05,0,0,9
8937,f289d53b-4ecf-4029-9a10-dcce3f4cf795,80.76,Slovenia,mobile,0,False,2026-06-12T09:16:19.755347,,0.00190439634025097,0.08,0,0,9
8938,3a976aac-d5c3-4693-b3e2-5df84d9ba870,177.73,Panama,web,0,False,2026-06-12T09:16:20.699893,,0.000278673716820776,0.01,0,0,9
8939,2b143116-f177-4ec8-9202-9b6e40a581d3,35000.0,Cape Verde,tablet,50,False,2026-06-12T09:16:22.007193,Large Amount Transaction,0.923499047756195,66.94,0,0,9
8940,a997d3f5-711e-412f-9c3b-bf0bb372531c,359.96,Portugal,mobile,0,False,2026-06-12T09:16:22.935508,,0.00128333177417517,0.05,0,0,9
8941,5e6afdb4-5106-4287-a558-c06bcd465e84,166.01,Luxembourg,mobile,0,False,2026-06-12T09:16:23.679064,,0.000278673716820776,0.01,0,0,9
8942,4fb7305a-d771-4d9f-925d-0a74c7b9aea8,300.11,Romania,web,0,False,2026-06-12T09:16:25.816813,,0.00128333177417517,0.05,0,0,9
8943,155d5e30-3c91-4703-a8c2-829bdb432135,77.5,Czech Republic,mobile,0,False,2026-06-12T09:16:26.361555,,0.00190439634025097,0.08,0,0,9
8944,2fb5eb00-4e61-4370-a65f-e7b902113554,25000.0,Azerbaijan,tablet,50,False,2026-06-12T09:16:27.124056,Large Amount Transaction,0.918588399887085,66.74,0,0,9
8945,be3617df-fa86-4339-95f6-a189f0b4f7b6,168.73,Guernsey,mobile,0,False,2026-06-12T09:16:27.642833,,0.000278673716820776,0.01,0,0,9
8946,3f4f6281-8c3d-4b26-9516-5c3acc5ed053,141.76,Guadeloupe,mobile,0,False,2026-06-12T09:16:28.679394,,0.000278673716820776,0.01,0,0,9
8947,be3617df-fa86-4339-95f6-a189f0b4f7b6,187.28,Guernsey,mobile,0,False,2026-06-12T09:16:29.698512,,0.000278673716820776,0.01,0,0,9
8948,c71fab3a-c105-4f30-8e17-9081b39bfff3,120.97,Bhutan,tablet,0,False,2026-06-12T09:16:30.715334,,0.000278673716820776,0.01,0,0,9
8949,86e18f2d-5537-43d9-83a7-826bfe7ffe6e,50000.0,Tajikistan,mobile,50,False,2026-06-12T09:16:32.124579,Large Amount Transaction,0.953642308712006,68.15,0,0,9
8950,3165aedc-036f-41d0-b38e-31f658893545,121.53,Jamaica,tablet,0,False,2026-06-12T09:16:32.759031,,0.000278673716820776,0.01,0,0,9
8951,54631c19-c244-45bf-b0eb-2da3c50b641f,448.71,Kuwait,mobile,0,False,2026-06-12T09:16:33.691607,,0.00128333177417517,0.05,0,0,9
8952,a997d3f5-711e-412f-9c3b-bf0bb372531c,472.31,Portugal,mobile,0,False,2026-06-12T09:16:34.743133,,0.00128333177417517,0.05,0,0,9
8953,e4699fd1-2d55-4ab7-b7a8-10d13b5d9057,240.94,Uruguay,tablet,0,False,2026-06-12T09:16:35.689476,,0.000278673716820776,0.01,0,0,9
8954,4528f83f-569d-4d54-9013-41ab1d04da59,35000.0,Iceland,mobile,50,False,2026-06-12T09:16:37.03618,Large Amount Transaction,0.923499047756195,66.94,0,0,9
8955,1c90a7b8-2c91-4c3f-8f24-95ef67dff31c,125.9,Cyprus,tablet,0,False,2026-06-12T09:16:37.695724,,0.000278673716820776,0.01,0,0,9
8956,79f31099-560a-4353-bb6e-c131951492da,354.95,Greece,mobile,0,False,2026-06-12T09:16:38.727733,,0.00128333177417517,0.05,0,0,9
8957,cb4989e8-ac3a-41e3-aa3a-4599dfa49595,261.39,Gambia,tablet,0,False,2026-06-12T09:16:39.689851,,0.00037066315417178,0.01,0,0,9
8958,7c56da77-a1cd-41fd-a150-6329bb1bee90,187.96,Kazakhstan,tablet,0,False,2026-06-12T09:16:40.718335,,0.000278673716820776,0.01,0,0,9
8959,ed549761-87e7-4e9f-bb3d-0fdd8f449050,50000.0,Saint Martin,tablet,50,False,2026-06-12T09:16:42.064605,Large Amount Transaction,0.953642308712006,68.15,0,0,9
8960,a2635b89-a092-4f7f-ac6e-3f22e786d804,185.7,Ireland,web,0,False,2026-06-12T09:16:42.71204,,0.000278673716820776,0.01,0,0,9
8961,37a5cf2c-b700-4417-8f7f-4b86c5aca706,91.02,Egypt,web,0,False,2026-06-12T09:16:43.850325,,0.00190439634025097,0.08,0,0,9
8962,bab92479-a69e-438c-94f4-cacf9d203c31,480.89,French Guiana,web,0,False,2026-06-12T09:16:44.770895,,0.00128333177417517,0.05,0,0,9
8963,9f9c8d5f-9337-4708-8bc6-f1c6db3784fc,169.59,Finland,mobile,0,False,2026-06-12T09:16:45.770731,,0.000278673716820776,0.01,0,0,9
8964,98d6b526-3ac2-4758-b7c8-4095408a1f45,50000.0,Djibouti,mobile,50,False,2026-06-12T09:16:47.050628,Large Amount Transaction,0.953642308712006,68.15,0,0,9
8965,20e2fee7-0c6f-4e89-95ce-bde23ab8e961,100.18,Cambodia,mobile,0,False,2026-06-12T09:16:47.737959,,0.00190439634025097,0.08,0,0,9
8966,e4699fd1-2d55-4ab7-b7a8-10d13b5d9057,300.55,Uruguay,tablet,0,False,2026-06-12T09:16:48.710144,,0.00128333177417517,0.05,0,0,9
8967,cd029776-f57f-431e-a943-f71c29d422db,302.36,Cyprus,web,0,False,2026-06-12T09:16:49.712503,,0.00128333177417517,0.05,0,0,9
8968,3165aedc-036f-41d0-b38e-31f658893545,121.15,Jamaica,tablet,0,False,2026-06-12T09:16:50.733538,,0.000278673716820776,0.01,0,0,9
8969,4ca169c5-2122-4223-b848-47703d698c91,25000.0,Turkey,tablet,50,False,2026-06-12T09:16:52.070599,Large Amount Transaction,0.918588399887085,66.74,0,0,9
8970,4fb7305a-d771-4d9f-925d-0a74c7b9aea8,363.54,Romania,web,0,False,2026-06-12T09:16:52.757123,,0.00128333177417517,0.05,0,0,9
8971,98d6b526-3ac2-4758-b7c8-4095408a1f45,366.39,Djibouti,mobile,0,False,2026-06-12T09:16:53.824642,,0.00128333177417517,0.05,0,0,9
8972,ed549761-87e7-4e9f-bb3d-0fdd8f449050,368.5,Saint Martin,tablet,0,False,2026-06-12T09:16:54.69273,,0.00128333177417517,0.05,0,0,9
8973,be3617df-fa86-4339-95f6-a189f0b4f7b6,149.5,Guernsey,mobile,0,False,2026-06-12T09:16:55.767565,,0.000278673716820776,0.01,0,0,9
8974,f289d53b-4ecf-4029-9a10-dcce3f4cf795,25000.0,Slovenia,mobile,50,False,2026-06-12T09:16:57.165374,Large Amount Transaction,0.918588399887085,66.74,0,0,9
8975,90e11c31-bf65-49d1-a545-ff52b58eef8d,155.19,Aruba,mobile,0,False,2026-06-12T09:16:57.700048,,0.000278673716820776,0.01,0,0,9
8976,677ee3df-1b75-4921-8278-f13461361949,335.06,El Salvador,web,0,False,2026-06-12T09:16:58.733497,,0.00128333177417517,0.05,0,0,9
8977,3f1d281d-2daa-47c4-a9fe-28e1a857ffd4,152.59,Pitcairn Islands,tablet,0,False,2026-06-12T09:16:59.706148,,0.000278673716820776,0.01,0,0,9
8978,b89350bd-41aa-4930-9f55-8ffa95e3f296,165.85,Senegal,web,0,False,2026-06-12T09:17:00.750132,,0.000278673716820776,0.01,0,0,9
8979,06d7dcb3-fda0-4e2f-a0f4-65a9a921568d,35000.0,Saint Vincent and the Grenadines,web,50,False,2026-06-12T09:17:02.1042,Large Amount Transaction,0.923499047756195,66.94,0,0,9
8980,2b143116-f177-4ec8-9202-9b6e40a581d3,60.61,Cape Verde,tablet,0,False,2026-06-12T09:17:02.745817,,0.0110521968454123,0.44,0,0,9
8981,709cc7a5-8424-4cc8-9344-a20622f38225,151.93,Reunion,mobile,0,False,2026-06-12T09:17:03.765398,,0.000278673716820776,0.01,0,0,9
8982,582f343b-a9c9-45ac-9e66-7778d23c879a,243.84,Zimbabwe,tablet,0,False,2026-06-12T09:17:04.752131,,0.00037066315417178,0.01,0,0,9
8983,18c833a0-55db-4cfd-bd35-9630620cb3c0,151.81,Mongolia,tablet,0,False,2026-06-12T09:17:05.773312,,0.000278673716820776,0.01,0,0,9
8984,8e33e713-3bc1-4cde-9fe9-e66b1f941456,50000.0,Western Sahara,mobile,50,False,2026-06-12T09:17:07.078035,Large Amount Transaction,0.953642308712006,68.15,0,0,9
8985,9f9c8d5f-9337-4708-8bc6-f1c6db3784fc,231.3,Finland,mobile,0,False,2026-06-12T09:17:07.741857,,0.000278673716820776,0.01,0,0,9
8986,3a976aac-d5c3-4693-b3e2-5df84d9ba870,162.07,Panama,web,0,False,2026-06-12T09:17:08.741609,,0.000278673716820776,0.01,0,0,9
8987,ba533b6e-4348-47e2-ad15-44129b97a732,185.65,Andorra,web,0,False,2026-06-12T09:17:09.745419,,0.000278673716820776,0.01,0,0,9
8988,150e8d9e-254f-468b-bb90-eb1f80a32017,113.98,Botswana,tablet,0,False,2026-06-12T09:17:10.796873,,0.000278673716820776,0.01,0,0,9
8989,1c90a7b8-2c91-4c3f-8f24-95ef67dff31c,35000.0,Cyprus,tablet,50,False,2026-06-12T09:17:12.118779,Large Amount Transaction,0.923499047756195,66.94,0,0,9
8990,8b0a632c-4605-4eeb-ac19-1a75e578d73a,116.29,Christmas Island,mobile,0,False,2026-06-12T09:17:12.755768,,0.000278673716820776,0.01,0,0,9
8991,709cc7a5-8424-4cc8-9344-a20622f38225,127.73,Reunion,mobile,0,False,2026-06-12T09:17:13.786426,,0.000278673716820776,0.01,0,0,9
8992,79f31099-560a-4353-bb6e-c131951492da,451.83,Greece,mobile,0,False,2026-06-12T09:17:14.797878,,0.00128333177417517,0.05,0,0,9
8993,1e25bacf-5179-42fc-b335-a4ed5e804a51,188.88,Norway,web,0,False,2026-06-12T09:17:15.847731,,0.000278673716820776,0.01,0,0,9
8994,a11e66d9-b08f-4036-8333-df02617e84e0,50000.0,Romania,tablet,50,False,2026-06-12T09:17:17.162582,Large Amount Transaction,0.953642308712006,68.15,0,0,9
8995,bab92479-a69e-438c-94f4-cacf9d203c31,492.57,French Guiana,web,0,False,2026-06-12T09:17:17.832774,,0.00128333177417517,0.05,0,0,9
8996,5e6afdb4-5106-4287-a558-c06bcd465e84,91.72,Luxembourg,mobile,0,False,2026-06-12T09:17:18.745801,,0.00190439634025097,0.08,0,0,9
8997,3a976aac-d5c3-4693-b3e2-5df84d9ba870,117.63,Panama,web,0,False,2026-06-12T09:17:19.758505,,0.000278673716820776,0.01,0,0,9
8998,d104afb2-5be0-4be3-ae01-ebe05691e88d,145.09,Norway,tablet,0,False,2026-06-12T09:17:20.84495,,0.000278673716820776,0.01,0,0,9
8999,4cdd7716-ae71-4d6e-b386-8a897309d781,25000.0,Saint Martin,web,50,False,2026-06-12T09:17:22.133075,Large Amount Transaction,0.918588399887085,66.74,0,0,9
9000,ba533b6e-4348-47e2-ad15-44129b97a732,160.75,Andorra,web,0,False,2026-06-12T09:17:22.833816,,0.000278673716820776,0.01,0,0,9
9001,5e6afdb4-5106-4287-a558-c06bcd465e84,156.09,Luxembourg,mobile,0,False,2026-06-12T09:17:23.777784,,0.000278673716820776,0.01,0,0,9
9002,4fb7305a-d771-4d9f-925d-0a74c7b9aea8,264.53,Romania,web,0,False,2026-06-12T09:17:24.771121,,0.0210982449352741,0.84,0,0,9
9003,4528f83f-569d-4d54-9013-41ab1d04da59,243.07,Iceland,mobile,0,False,2026-06-12T09:17:25.823043,,0.00037066315417178,0.01,0,0,9
9004,2b143116-f177-4ec8-9202-9b6e40a581d3,50000.0,Cape Verde,tablet,50,False,2026-06-12T09:17:27.166032,Large Amount Transaction,0.953642308712006,68.15,0,0,9
9005,c1763fa2-074f-4db4-a8c1-068d3c38d34a,356.09,New Caledonia,mobile,0,False,2026-06-12T09:17:27.758851,,0.00128333177417517,0.05,0,0,9
9006,ea5d3fad-1a01-44c5-99c1-27e7bbbf4634,525.87,Vanuatu,web,0,False,2026-06-12T09:17:29.053883,,0.00128333177417517,0.05,0,0,9
9007,fe3d5545-89d6-4ed1-8f2f-03171bcdf38d,234.08,Cambodia,mobile,0,False,2026-06-12T09:17:29.800935,,0.000278673716820776,0.01,0,0,9
9008,4cabde3a-7ac1-4178-96d9-335b5b20efef,416.21,El Salvador,tablet,0,False,2026-06-12T09:17:30.79229,,0.00128333177417517,0.05,0,0,9
9009,c1c20160-6ff7-4eb8-8727-6ef9cf6a4f73,35000.0,Czech Republic,tablet,50,False,2026-06-12T09:17:32.116984,Large Amount Transaction,0.923499047756195,66.94,0,0,9
9010,ef4827af-0b25-4890-9b5f-e87590fdc24b,310.84,Latvia,web,0,False,2026-06-12T09:17:32.762338,,0.00128333177417517,0.05,0,0,9
9011,f855de3e-26b7-4f72-9fb4-3a7c95435653,279.07,Guinea-Bissau,web,0,False,2026-06-12T09:17:33.780392,,0.00128333177417517,0.05,0,0,9
9012,a997d3f5-711e-412f-9c3b-bf0bb372531c,582.97,Portugal,mobile,0,False,2026-06-12T09:17:34.825624,,0.00128333177417517,0.05,0,0,9
9013,7c56da77-a1cd-41fd-a150-6329bb1bee90,221.66,Kazakhstan,tablet,0,False,2026-06-12T09:17:35.844792,,0.000278673716820776,0.01,0,0,9
9014,7c56da77-a1cd-41fd-a150-6329bb1bee90,35000.0,Kazakhstan,tablet,50,False,2026-06-12T09:17:37.072138,Large Amount Transaction,0.923499047756195,66.94,0,0,9
9015,8429c53f-e4e3-4538-ae8f-2d6a146853ee,411.5,Cambodia,mobile,0,False,2026-06-12T09:17:37.766199,,0.00128333177417517,0.05,0,0,9
9016,9f9c8d5f-9337-4708-8bc6-f1c6db3784fc,175.05,Finland,mobile,0,False,2026-06-12T09:17:38.819018,,0.000278673716820776,0.01,0,0,9
9017,ea5d3fad-1a01-44c5-99c1-27e7bbbf4634,361.85,Vanuatu,web,0,False,2026-06-12T09:17:39.862839,,0.00128333177417517,0.05,0,0,9
9018,1d6a5300-7dd9-43d7-98bd-8cb6bf4d11f0,146.39,Brazil,web,0,False,2026-06-12T09:17:40.838145,,0.000278673716820776,0.01,0,0,9
9019,8ff89b42-55d8-46ac-b75b-f02009293d37,35000.0,Switzerland,tablet,50,False,2026-06-12T09:17:42.619723,Large Amount Transaction,0.923499047756195,66.94,0,0,9
9020,a76072ef-6c59-4614-8f9a-d154ef065962,167.87,British Virgin Islands,web,0,False,2026-06-12T09:17:42.955921,,0.000278673716820776,0.01,0,0,9
9021,004887a0-ee0e-4eec-8816-feef9fc84f63,150.39,Central African Republic,tablet,0,False,2026-06-12T09:17:43.804209,,0.000278673716820776,0.01,0,0,9
9022,f855de3e-26b7-4f72-9fb4-3a7c95435653,321.88,Guinea-Bissau,web,0,False,2026-06-12T09:17:44.809026,,0.00128333177417517,0.05,0,0,9
9023,004887a0-ee0e-4eec-8816-feef9fc84f63,183.3,Central African Republic,tablet,0,False,2026-06-12T09:17:45.822585,,0.000278673716820776,0.01,0,0,9
9024,ef4827af-0b25-4890-9b5f-e87590fdc24b,50000.0,Latvia,web,50,False,2026-06-12T09:17:48.110825,Large Amount Transaction,0.953642308712006,68.15,0,0,9
9025,48d4c1b7-1130-43ff-8f4a-ce9b14fbbaf4,443.73,Panama,web,0,False,2026-06-12T09:17:48.46347,,0.00128333177417517,0.05,0,0,9
9026,79f31099-560a-4353-bb6e-c131951492da,452.93,Greece,mobile,0,False,2026-06-12T09:17:49.065526,,0.00128333177417517,0.05,0,0,9
9027,582f343b-a9c9-45ac-9e66-7778d23c879a,229.03,Zimbabwe,tablet,0,False,2026-06-12T09:17:49.861052,,0.000278673716820776,0.01,0,0,9
9028,98d6b526-3ac2-4758-b7c8-4095408a1f45,397.86,Djibouti,mobile,0,False,2026-06-12T09:17:50.871379,,0.00128333177417517,0.05,0,0,9
9029,a11e66d9-b08f-4036-8333-df02617e84e0,25000.0,Romania,tablet,50,False,2026-06-12T09:17:52.135538,Large Amount Transaction,0.918588399887085,66.74,0,0,9
9030,2b143116-f177-4ec8-9202-9b6e40a581d3,41.75,Cape Verde,tablet,0,False,2026-06-12T09:17:52.856537,,0.0110521968454123,0.44,0,0,9
9031,4cdd7716-ae71-4d6e-b386-8a897309d781,603.63,Saint Martin,web,0,False,2026-06-12T09:17:53.825251,,0.00128333177417517,0.05,0,0,9
9032,3a976aac-d5c3-4693-b3e2-5df84d9ba870,129.18,Panama,web,0,False,2026-06-12T09:17:54.834725,,0.000278673716820776,0.01,0,0,9
9033,11fce940-3040-44c4-b14c-aa5d8af49942,615.98,Cook Islands,tablet,0,False,2026-06-12T09:17:55.859116,,0.00128333177417517,0.05,0,0,9
9034,ef4827af-0b25-4890-9b5f-e87590fdc24b,50000.0,Latvia,web,50,False,2026-06-12T09:17:57.164802,Large Amount Transaction,0.953642308712006,68.15,0,0,9
9035,052a9171-6742-4a70-8db8-b9267e30d1f1,411.81,Azerbaijan,mobile,0,False,2026-06-12T09:17:57.833911,,0.00128333177417517,0.05,0,0,9
9036,052a9171-6742-4a70-8db8-b9267e30d1f1,253.2,Azerbaijan,mobile,0,False,2026-06-12T09:17:58.839269,,0.00037066315417178,0.01,0,0,9
9037,b3cd7d0c-542f-4f2d-8e98-7962a06f90d7,188.11,Cayman Islands,web,0,False,2026-06-12T09:17:59.905252,,0.000278673716820776,0.01,0,0,9
9038,be3617df-fa86-4339-95f6-a189f0b4f7b6,163.54,Guernsey,mobile,0,False,2026-06-12T09:18:00.877258,,0.000278673716820776,0.01,0,0,9
9039,bab92479-a69e-438c-94f4-cacf9d203c31,25000.0,French Guiana,web,50,False,2026-06-12T09:18:02.291272,Large Amount Transaction,0.918588399887085,66.74,0,0,9
9040,177a3942-5de6-457d-b4af-82b79ce0a649,61.49,Trinidad and Tobago,tablet,0,False,2026-06-12T09:18:02.836043,,0.0110521968454123,0.44,0,0,9
9041,a76072ef-6c59-4614-8f9a-d154ef065962,116.7,British Virgin Islands,web,0,False,2026-06-12T09:18:03.84087,,0.000278673716820776,0.01,0,0,9
9042,48d4c1b7-1130-43ff-8f4a-ce9b14fbbaf4,494.4,Panama,web,0,False,2026-06-12T09:18:04.87039,,0.00128333177417517,0.05,0,0,9
9043,ea5d3fad-1a01-44c5-99c1-27e7bbbf4634,357.17,Vanuatu,web,0,False,2026-06-12T09:18:05.848413,,0.00128333177417517,0.05,0,0,9
9044,4fb7305a-d771-4d9f-925d-0a74c7b9aea8,35000.0,Romania,web,50,False,2026-06-12T09:18:07.165001,Large Amount Transaction,0.923499047756195,66.94,0,0,9
9045,f5c910fa-5e89-44a0-a51d-b6cf5b4e5514,202.96,Isle of Man,tablet,0,False,2026-06-12T09:18:07.856931,,0.000278673716820776,0.01,0,0,9
9046,8b0a632c-4605-4eeb-ac19-1a75e578d73a,86.5,Christmas Island,mobile,0,False,2026-06-12T09:18:08.839977,,0.00190439634025097,0.08,0,0,9
9047,155d5e30-3c91-4703-a8c2-829bdb432135,162.36,Czech Republic,mobile,0,False,2026-06-12T09:18:09.82219,,0.000278673716820776,0.01,0,0,9
9048,2656481e-ad4a-4bcb-8305-a000a8e10d6e,413.2,Georgia,mobile,0,False,2026-06-12T09:30:32.75435,,0.00128333177417517,0.05,0,0,9
9049,404d2f9b-cae7-4347-a9c8-a3302160941f,35000.0,Congo,tablet,50,False,2026-06-12T09:30:36.85592,Large Amount Transaction,0.923499047756195,66.94,0,0,9
9050,b501ce32-1dcf-4dbf-8cbd-d6467378bf78,159.86,Vietnam,tablet,0,False,2026-06-12T09:30:37.300019,,0.000278673716820776,0.01,0,0,9
9051,b501ce32-1dcf-4dbf-8cbd-d6467378bf78,159.86,Vietnam,tablet,0,False,2026-06-12T09:30:37.722904,,0.000278673716820776,0.01,0,0,9
9052,404d2f9b-cae7-4347-a9c8-a3302160941f,35000.0,Congo,tablet,50,False,2026-06-12T09:30:38.395386,Large Amount Transaction,0.923499047756195,66.94,0,0,9
9053,709cc7a5-8424-4cc8-9344-a20622f38225,135.99,Reunion,mobile,0,False,2026-06-12T09:30:38.731813,,0.000278673716820776,0.01,0,0,9
9054,2b143116-f177-4ec8-9202-9b6e40a581d3,70.25,Cape Verde,tablet,0,False,2026-06-12T09:30:39.069919,,0.0110521968454123,0.44,0,0,9
9055,c1763fa2-074f-4db4-a8c1-068d3c38d34a,387.8,New Caledonia,mobile,0,False,2026-06-12T09:30:39.441202,,0.00128333177417517,0.05,0,0,9
9056,2b143116-f177-4ec8-9202-9b6e40a581d3,25000.0,Cape Verde,tablet,50,False,2026-06-12T09:30:40.644875,Large Amount Transaction,0.918588399887085,66.74,0,0,9
9057,8ff89b42-55d8-46ac-b75b-f02009293d37,391.88,Switzerland,tablet,0,False,2026-06-12T09:30:41.050039,,0.00128333177417517,0.05,0,0,9
9058,3165aedc-036f-41d0-b38e-31f658893545,88.54,Jamaica,tablet,0,False,2026-06-12T09:30:41.439617,,0.00190439634025097,0.08,0,0,9
9059,3f1d281d-2daa-47c4-a9fe-28e1a857ffd4,122.36,Pitcairn Islands,tablet,0,False,2026-06-12T09:30:41.874945,,0.000278673716820776,0.01,0,0,9
9060,2ef6a68c-163f-45a8-95da-0652be040d82,402.96,Italy,web,0,False,2026-06-12T09:30:42.273497,,0.00128333177417517,0.05,0,0,9
9061,a025e1eb-e9d3-4e2d-9b94-7855a9e5fd45,50000.0,New Caledonia,tablet,50,False,2026-06-12T09:30:43.085992,Large Amount Transaction,0.953642308712006,68.15,0,0,9
9062,fe3d5545-89d6-4ed1-8f2f-03171bcdf38d,167.42,Cambodia,mobile,0,False,2026-06-12T09:30:43.41249,,0.000278673716820776,0.01,0,0,9
9063,dd0be206-b7e1-45e6-90e2-d82c49f79f9e,256.96,Ireland,tablet,0,False,2026-06-12T09:30:43.955355,,0.00037066315417178,0.01,0,0,9
9064,ac2489d8-632e-4386-ac6d-6057105f3d1e,451.13,Christmas Island,tablet,0,False,2026-06-12T09:30:44.379379,,0.00128333177417517,0.05,0,0,9
9065,0a2f8be7-bf13-4e5f-9777-f626aa23a1de,289.34,Malawi,mobile,0,False,2026-06-12T09:30:44.751289,,0.00128333177417517,0.05,0,0,9
9066,d104afb2-5be0-4be3-ae01-ebe05691e88d,25000.0,Norway,tablet,50,False,2026-06-12T09:30:45.43686,Large Amount Transaction,0.918588399887085,66.74,0,0,9
9067,004887a0-ee0e-4eec-8816-feef9fc84f63,273.45,Central African Republic,tablet,0,False,2026-06-12T09:30:45.78583,,0.00128333177417517,0.05,0,0,9
9068,1d6a5300-7dd9-43d7-98bd-8cb6bf4d11f0,122.19,Brazil,web,0,False,2026-06-12T09:30:46.353915,,0.000278673716820776,0.01,0,0,9
9069,657b3aff-cb09-41cb-8038-ece0a732adcd,263.89,Kyrgyz Republic,tablet,0,False,2026-06-12T09:30:47.213972,,0.00037066315417178,0.01,0,0,9
9070,a997d3f5-711e-412f-9c3b-bf0bb372531c,412.27,Portugal,mobile,0,False,2026-06-12T09:30:48.186182,,0.00128333177417517,0.05,0,0,9
9071,b501ce32-1dcf-4dbf-8cbd-d6467378bf78,35000.0,Vietnam,tablet,50,False,2026-06-12T09:30:49.600367,Large Amount Transaction,0.923499047756195,66.94,0,0,9
9072,1e25bacf-5179-42fc-b335-a4ed5e804a51,86.1,Norway,web,0,False,2026-06-12T09:30:50.183932,,0.00190439634025097,0.08,0,0,9
9073,3747c437-17b6-4e4e-a1ab-a02f7e9f9398,145.04,El Salvador,mobile,0,False,2026-06-12T09:30:51.225044,,0.000278673716820776,0.01,0,0,9
9074,be3617df-fa86-4339-95f6-a189f0b4f7b6,211.88,Guernsey,mobile,0,False,2026-06-12T09:30:52.861939,,0.000278673716820776,0.01,0,0,9
9075,ef4827af-0b25-4890-9b5f-e87590fdc24b,260.49,Latvia,web,0,False,2026-06-12T09:30:53.320927,,0.00037066315417178,0.01,0,0,9
9076,e4699fd1-2d55-4ab7-b7a8-10d13b5d9057,50000.0,Uruguay,tablet,50,False,2026-06-12T09:30:54.892411,Large Amount Transaction,0.953642308712006,68.15,0,0,9
9077,a997d3f5-711e-412f-9c3b-bf0bb372531c,450.85,Portugal,mobile,0,False,2026-06-12T09:30:55.381945,,0.00128333177417517,0.05,0,0,9
9078,7c56da77-a1cd-41fd-a150-6329bb1bee90,143.68,Kazakhstan,tablet,0,False,2026-06-12T09:30:56.181177,,0.000278673716820776,0.01,0,0,9
9079,657b3aff-cb09-41cb-8038-ece0a732adcd,344.68,Kyrgyz Republic,tablet,0,False,2026-06-12T09:30:57.324164,,0.00128333177417517,0.05,0,0,9
9080,4fb7305a-d771-4d9f-925d-0a74c7b9aea8,300.83,Romania,web,0,False,2026-06-12T09:30:58.249018,,0.00128333177417517,0.05,0,0,9
9081,004887a0-ee0e-4eec-8816-feef9fc84f63,50000.0,Central African Republic,tablet,50,False,2026-06-12T09:30:59.633338,Large Amount Transaction,0.953642308712006,68.15,0,0,9
9082,4528f83f-569d-4d54-9013-41ab1d04da59,220.77,Iceland,mobile,0,False,2026-06-12T09:31:00.685272,,0.000278673716820776,0.01,0,0,9
9083,48d4c1b7-1130-43ff-8f4a-ce9b14fbbaf4,244.35,Panama,web,0,False,2026-06-12T09:31:01.283928,,0.00037066315417178,0.01,0,0,9
9084,dd0be206-b7e1-45e6-90e2-d82c49f79f9e,210.71,Ireland,tablet,0,False,2026-06-12T09:31:02.251739,,0.000278673716820776,0.01,0,0,9
9085,8e33e713-3bc1-4cde-9fe9-e66b1f941456,305.94,Western Sahara,mobile,0,False,2026-06-12T09:31:03.285346,,0.00128333177417517,0.05,0,0,9
9086,150e8d9e-254f-468b-bb90-eb1f80a32017,25000.0,Botswana,tablet,50,False,2026-06-12T09:31:04.622349,Large Amount Transaction,0.918588399887085,66.74,0,0,9
9087,a997d3f5-711e-412f-9c3b-bf0bb372531c,384.93,Portugal,mobile,0,False,2026-06-12T09:31:05.300933,,0.00128333177417517,0.05,0,0,9
9088,9f9c8d5f-9337-4708-8bc6-f1c6db3784fc,122.98,Finland,mobile,0,False,2026-06-12T09:31:06.234421,,0.000278673716820776,0.01,0,0,9
9089,e4699fd1-2d55-4ab7-b7a8-10d13b5d9057,260.07,Uruguay,tablet,0,False,2026-06-12T09:31:07.265435,,0.00037066315417178,0.01,0,0,9
9090,9f9c8d5f-9337-4708-8bc6-f1c6db3784fc,183.22,Finland,mobile,0,False,2026-06-12T09:31:08.20679,,0.000278673716820776,0.01,0,0,9
9091,ba533b6e-4348-47e2-ad15-44129b97a732,25000.0,Andorra,web,50,False,2026-06-12T09:31:09.697499,Large Amount Transaction,0.918588399887085,66.74,0,0,9
9092,cb4989e8-ac3a-41e3-aa3a-4599dfa49595,225.55,Gambia,tablet,0,False,2026-06-12T09:31:11.439214,,0.000278673716820776,0.01,0,0,9
9093,cd029776-f57f-431e-a943-f71c29d422db,211.13,Cyprus,web,0,False,2026-06-12T09:31:16.97781,,0.000278673716820776,0.01,0,0,9
9094,4ca169c5-2122-4223-b848-47703d698c91,399.24,Turkey,tablet,0,False,2026-06-12T09:31:17.386127,,0.00128333177417517,0.05,0,0,9
9095,f7ea07bd-f4b8-400b-9fb1-63da2e01a76b,120.08,Gibraltar,tablet,0,False,2026-06-12T09:31:18.58815,,0.000278673716820776,0.01,0,0,9
9096,b501ce32-1dcf-4dbf-8cbd-d6467378bf78,50000.0,Vietnam,tablet,50,False,2026-06-12T09:31:20.404468,Large Amount Transaction,0.953642308712006,68.15,0,0,9
9097,3747c437-17b6-4e4e-a1ab-a02f7e9f9398,374.8,El Salvador,mobile,0,False,2026-06-12T09:31:20.847568,,0.00128333177417517,0.05,0,0,9
9098,efa0191f-29e2-49b1-a689-e4e6b87fd049,191.35,Ecuador,web,0,False,2026-06-12T09:31:21.62931,,0.000278673716820776,0.01,0,0,9
9099,11fce940-3040-44c4-b14c-aa5d8af49942,488.83,Cook Islands,tablet,0,False,2026-06-12T09:31:22.043242,,0.00128333177417517,0.05,0,0,9
9100,a222b003-93ef-455a-8d5a-150e77198d43,394.23,Svalbard & Jan Mayen Islands,mobile,0,False,2026-06-12T09:31:22.442005,,0.00128333177417517,0.05,0,0,9
9101,677ee3df-1b75-4921-8278-f13461361949,25000.0,El Salvador,web,50,False,2026-06-12T09:31:23.198796,Large Amount Transaction,0.918588399887085,66.74,0,0,9
9102,b89350bd-41aa-4930-9f55-8ffa95e3f296,211.89,Senegal,web,0,False,2026-06-12T09:31:23.552647,,0.000278673716820776,0.01,0,0,9
9103,be3617df-fa86-4339-95f6-a189f0b4f7b6,203.31,Guernsey,mobile,0,False,2026-06-12T09:31:23.940296,,0.000278673716820776,0.01,0,0,9
9104,1d6a5300-7dd9-43d7-98bd-8cb6bf4d11f0,121.44,Brazil,web,0,False,2026-06-12T09:31:24.299982,,0.000278673716820776,0.01,0,0,9
9105,d19710ba-99fc-40ce-84bc-7d176c518f12,487.57,Wallis and Futuna,tablet,0,False,2026-06-12T09:31:24.941684,,0.00128333177417517,0.05,0,0,9
9106,98d6b526-3ac2-4758-b7c8-4095408a1f45,50000.0,Djibouti,mobile,50,False,2026-06-12T09:31:25.662077,Large Amount Transaction,0.953642308712006,68.15,0,0,9
9107,a2635b89-a092-4f7f-ac6e-3f22e786d804,156.73,Ireland,web,0,False,2026-06-12T09:31:26.078663,,0.000278673716820776,0.01,0,0,9
9108,f855de3e-26b7-4f72-9fb4-3a7c95435653,229.22,Guinea-Bissau,web,0,False,2026-06-12T09:31:26.460035,,0.000278673716820776,0.01,0,0,9
9109,aa5fb4cb-758b-498f-976b-ea1886ffcc3d,345.07,Grenada,tablet,0,False,2026-06-12T09:31:28.251609,,0.00128333177417517,0.05,0,0,9
9110,4cabde3a-7ac1-4178-96d9-335b5b20efef,389.7,El Salvador,tablet,0,False,2026-06-12T09:31:28.716723,,0.00128333177417517,0.05,0,0,9
9111,d104afb2-5be0-4be3-ae01-ebe05691e88d,50000.0,Norway,tablet,50,False,2026-06-12T09:31:29.991445,Large Amount Transaction,0.953642308712006,68.15,0,0,9
9112,052a9171-6742-4a70-8db8-b9267e30d1f1,329.45,Azerbaijan,mobile,0,False,2026-06-12T09:31:30.396869,,0.00128333177417517,0.05,0,0,9
9113,a8aaa8ad-074b-4819-99b9-d4c338812b07,514.64,Kuwait,web,0,False,2026-06-12T09:31:31.305502,,0.00128333177417517,0.05,0,0,9
9114,582f343b-a9c9-45ac-9e66-7778d23c879a,206.61,Zimbabwe,tablet,0,False,2026-06-12T09:31:32.417409,,0.000278673716820776,0.01,0,0,9
9115,54631c19-c244-45bf-b0eb-2da3c50b641f,434.04,Kuwait,mobile,0,False,2026-06-12T09:31:33.264609,,0.00128333177417517,0.05,0,0,9
9116,fae654ac-c204-44cb-b9e3-c3cac08f4ef8,35000.0,Marshall Islands,tablet,50,False,2026-06-12T09:31:34.72371,Large Amount Transaction,0.923499047756195,66.94,0,0,9
9117,3747c437-17b6-4e4e-a1ab-a02f7e9f9398,270.77,El Salvador,mobile,0,False,2026-06-12T09:31:35.321212,,0.00128333177417517,0.05,0,0,9
9118,4e3049c2-6d98-467b-99eb-f212ab41fae6,180.22,New Caledonia,tablet,0,False,2026-06-12T09:31:36.502794,,0.000278673716820776,0.01,0,0,9
9119,dd0be206-b7e1-45e6-90e2-d82c49f79f9e,268.4,Ireland,tablet,0,False,2026-06-12T09:31:37.281094,,0.00128333177417517,0.05,0,0,9
9120,177a3942-5de6-457d-b4af-82b79ce0a649,69.51,Trinidad and Tobago,tablet,0,False,2026-06-12T09:31:38.257088,,0.0110521968454123,0.44,0,0,9
9121,ea5d3fad-1a01-44c5-99c1-27e7bbbf4634,50000.0,Vanuatu,web,50,False,2026-06-12T09:31:40.122587,Large Amount Transaction,0.953642308712006,68.15,0,0,9
9122,37a5cf2c-b700-4417-8f7f-4b86c5aca706,70.96,Egypt,web,0,False,2026-06-12T09:31:40.88072,,0.0110521968454123,0.44,0,0,9
9123,eeaf0cfe-a227-40db-9bd4-5011ee603328,381.55,Mali,mobile,0,False,2026-06-12T09:31:41.309494,,0.00128333177417517,0.05,0,0,9
9124,8b0a632c-4605-4eeb-ac19-1a75e578d73a,115.14,Christmas Island,mobile,0,False,2026-06-12T09:31:42.27371,,0.000278673716820776,0.01,0,0,9
9125,b501ce32-1dcf-4dbf-8cbd-d6467378bf78,140.32,Vietnam,tablet,0,False,2026-06-12T09:31:43.782018,,0.000278673716820776,0.01,0,0,9
9126,ed549761-87e7-4e9f-bb3d-0fdd8f449050,35000.0,Saint Martin,tablet,50,False,2026-06-12T09:31:44.594868,Large Amount Transaction,0.923499047756195,66.94,0,0,9
9127,3165aedc-036f-41d0-b38e-31f658893545,143.29,Jamaica,tablet,0,False,2026-06-12T09:31:45.305925,,0.000278673716820776,0.01,0,0,9
9128,677ee3df-1b75-4921-8278-f13461361949,247.96,El Salvador,web,0,False,2026-06-12T09:31:46.259938,,0.00037066315417178,0.01,0,0,9
9129,3165aedc-036f-41d0-b38e-31f658893545,141.87,Jamaica,tablet,0,False,2026-06-12T09:31:47.291116,,0.000278673716820776,0.01,0,0,9
9130,e4699fd1-2d55-4ab7-b7a8-10d13b5d9057,323.0,Uruguay,tablet,0,False,2026-06-12T09:31:48.50935,,0.00128333177417517,0.05,0,0,9
9131,ba533b6e-4348-47e2-ad15-44129b97a732,25000.0,Andorra,web,50,False,2026-06-12T09:31:49.701022,Large Amount Transaction,0.918588399887085,66.74,0,0,9
9132,a8aaa8ad-074b-4819-99b9-d4c338812b07,491.68,Kuwait,web,0,False,2026-06-12T09:31:50.251621,,0.00128333177417517,0.05,0,0,9
9133,a025e1eb-e9d3-4e2d-9b94-7855a9e5fd45,317.07,New Caledonia,tablet,0,False,2026-06-12T09:31:51.309339,,0.00128333177417517,0.05,0,0,9
9134,06d7dcb3-fda0-4e2f-a0f4-65a9a921568d,542.52,Saint Vincent and the Grenadines,web,0,False,2026-06-12T09:31:52.280349,,0.00128333177417517,0.05,0,0,9
9135,155d5e30-3c91-4703-a8c2-829bdb432135,103.42,Czech Republic,mobile,0,False,2026-06-12T09:31:53.321386,,0.00190439634025097,0.08,0,0,9
9136,657b3aff-cb09-41cb-8038-ece0a732adcd,35000.0,Kyrgyz Republic,tablet,50,False,2026-06-12T09:31:54.669431,Large Amount Transaction,0.923499047756195,66.94,0,0,9
9137,aef5b2fd-5fe9-40a2-8bf2-ecf6523d1b2a,377.69,Cape Verde,tablet,0,False,2026-06-12T09:31:55.506955,,0.00128333177417517,0.05,0,0,9
9138,b501ce32-1dcf-4dbf-8cbd-d6467378bf78,141.72,Vietnam,tablet,0,False,2026-06-12T09:31:56.290092,,0.000278673716820776,0.01,0,0,9
9139,3747c437-17b6-4e4e-a1ab-a02f7e9f9398,417.81,El Salvador,mobile,0,False,2026-06-12T09:31:57.283353,,0.00128333177417517,0.05,0,0,9
9140,3a976aac-d5c3-4693-b3e2-5df84d9ba870,161.87,Panama,web,0,False,2026-06-12T09:31:58.295632,,0.000278673716820776,0.01,0,0,9
9141,4528f83f-569d-4d54-9013-41ab1d04da59,35000.0,Iceland,mobile,50,False,2026-06-12T09:32:00.213419,Large Amount Transaction,0.923499047756195,66.94,0,0,9
9142,8e33e713-3bc1-4cde-9fe9-e66b1f941456,231.43,Western Sahara,mobile,0,False,2026-06-12T09:32:00.588327,,0.000278673716820776,0.01,0,0,9
9143,90e11c31-bf65-49d1-a545-ff52b58eef8d,246.31,Aruba,mobile,0,False,2026-06-12T09:32:01.327426,,0.00037066315417178,0.01,0,0,9
9144,eeaf0cfe-a227-40db-9bd4-5011ee603328,444.51,Mali,mobile,0,False,2026-06-12T09:32:02.297771,,0.00128333177417517,0.05,0,0,9
9145,f5c910fa-5e89-44a0-a51d-b6cf5b4e5514,190.3,Isle of Man,tablet,0,False,2026-06-12T09:32:03.331322,,0.000278673716820776,0.01,0,0,9
9146,aa5fb4cb-758b-498f-976b-ea1886ffcc3d,50000.0,Grenada,tablet,50,False,2026-06-12T09:32:04.738939,Large Amount Transaction,0.953642308712006,68.15,0,0,9
9147,54631c19-c244-45bf-b0eb-2da3c50b641f,403.75,Kuwait,mobile,0,False,2026-06-12T09:32:05.295543,,0.00128333177417517,0.05,0,0,9
9148,4fb7305a-d771-4d9f-925d-0a74c7b9aea8,347.96,Romania,web,0,False,2026-06-12T09:32:06.336404,,0.00128333177417517,0.05,0,0,9
9149,657b3aff-cb09-41cb-8038-ece0a732adcd,311.98,Kyrgyz Republic,tablet,0,False,2026-06-12T09:32:07.283717,,0.00128333177417517,0.05,0,0,9
9150,11fce940-3040-44c4-b14c-aa5d8af49942,361.52,Cook Islands,tablet,0,False,2026-06-12T09:32:08.345132,,0.00128333177417517,0.05,0,0,9
9151,cd029776-f57f-431e-a943-f71c29d422db,35000.0,Cyprus,web,50,False,2026-06-12T09:32:10.784661,Large Amount Transaction,0.923499047756195,66.94,0,0,9
9152,f7ea07bd-f4b8-400b-9fb1-63da2e01a76b,164.68,Gibraltar,tablet,0,False,2026-06-12T09:32:11.198642,,0.000278673716820776,0.01,0,0,9
9153,a997d3f5-711e-412f-9c3b-bf0bb372531c,448.01,Portugal,mobile,0,False,2026-06-12T09:32:11.568749,,0.00128333177417517,0.05,0,0,9
9154,2dc79de2-05b4-4305-a26d-58b42f10fae0,331.25,Oman,mobile,0,False,2026-06-12T09:32:12.343347,,0.00128333177417517,0.05,0,0,9
9155,c71fab3a-c105-4f30-8e17-9081b39bfff3,119.08,Bhutan,tablet,0,False,2026-06-12T09:32:13.368176,,0.000278673716820776,0.01,0,0,9
9156,20e2fee7-0c6f-4e89-95ce-bde23ab8e961,35000.0,Cambodia,mobile,50,False,2026-06-12T09:32:14.746539,Large Amount Transaction,0.923499047756195,66.94,0,0,9
9157,a2635b89-a092-4f7f-ac6e-3f22e786d804,78.87,Ireland,web,0,False,2026-06-12T09:32:15.313373,,0.00190439634025097,0.08,0,0,9
9158,1d6a5300-7dd9-43d7-98bd-8cb6bf4d11f0,83.55,Brazil,web,0,False,2026-06-12T09:32:16.31042,,0.00190439634025097,0.08,0,0,9
9159,b3cd7d0c-542f-4f2d-8e98-7962a06f90d7,207.18,Cayman Islands,web,0,False,2026-06-12T09:32:17.33584,,0.000278673716820776,0.01,0,0,9
9160,aef5b2fd-5fe9-40a2-8bf2-ecf6523d1b2a,402.98,Cape Verde,tablet,0,False,2026-06-12T09:32:18.310307,,0.00128333177417517,0.05,0,0,9
9161,2656481e-ad4a-4bcb-8305-a000a8e10d6e,35000.0,Georgia,mobile,50,False,2026-06-12T09:32:20.2025,Large Amount Transaction,0.923499047756195,66.94,0,0,9
9162,677ee3df-1b75-4921-8278-f13461361949,289.63,El Salvador,web,0,False,2026-06-12T09:32:20.606622,,0.00128333177417517,0.05,0,0,9
9163,4cdd7716-ae71-4d6e-b386-8a897309d781,550.25,Saint Martin,web,0,False,2026-06-12T09:32:21.338493,,0.00128333177417517,0.05,0,0,9
9164,3209a90c-ca58-4d4d-8c66-445af212a6d6,367.72,Samoa,mobile,0,False,2026-06-12T09:32:22.303332,,0.00128333177417517,0.05,0,0,9
9165,aef5b2fd-5fe9-40a2-8bf2-ecf6523d1b2a,405.47,Cape Verde,tablet,0,False,2026-06-12T09:32:23.318358,,0.00128333177417517,0.05,0,0,9
9166,4cfa39f2-41aa-48d3-9774-cbff44e39a9c,25000.0,French Guiana,web,50,False,2026-06-12T09:32:25.261107,Large Amount Transaction,0.918588399887085,66.74,0,0,9
9167,eeaf0cfe-a227-40db-9bd4-5011ee603328,500.51,Mali,mobile,0,False,2026-06-12T09:32:25.647431,,0.00128333177417517,0.05,0,0,9
9168,3a976aac-d5c3-4693-b3e2-5df84d9ba870,209.43,Panama,web,0,False,2026-06-12T09:32:26.338699,,0.000278673716820776,0.01,0,0,9
9169,ed549761-87e7-4e9f-bb3d-0fdd8f449050,378.6,Saint Martin,tablet,0,False,2026-06-12T09:32:27.38027,,0.00128333177417517,0.05,0,0,9
9170,3f4f6281-8c3d-4b26-9516-5c3acc5ed053,277.26,Guadeloupe,mobile,0,False,2026-06-12T09:32:28.33826,,0.00128333177417517,0.05,0,0,9
9171,709cc7a5-8424-4cc8-9344-a20622f38225,25000.0,Reunion,mobile,50,False,2026-06-12T09:32:29.746872,Large Amount Transaction,0.918588399887085,66.74,0,0,9
9172,be3617df-fa86-4339-95f6-a189f0b4f7b6,158.58,Guernsey,mobile,0,False,2026-06-12T09:32:30.652543,,0.000278673716820776,0.01,0,0,9
9173,9835a674-db53-4597-a9fa-06ea3a06c5de,290.58,Sweden,web,0,False,2026-06-12T09:32:31.374493,,0.00128333177417517,0.05,0,0,9
9174,052a9171-6742-4a70-8db8-b9267e30d1f1,323.5,Azerbaijan,mobile,0,False,2026-06-12T09:32:32.339507,,0.00128333177417517,0.05,0,0,9
9175,90e11c31-bf65-49d1-a545-ff52b58eef8d,332.63,Aruba,mobile,0,False,2026-06-12T09:32:33.367441,,0.00128333177417517,0.05,0,0,9
9176,f855de3e-26b7-4f72-9fb4-3a7c95435653,35000.0,Guinea-Bissau,web,50,False,2026-06-12T09:32:34.693715,Large Amount Transaction,0.923499047756195,66.94,0,0,9
9177,1d6a5300-7dd9-43d7-98bd-8cb6bf4d11f0,164.1,Brazil,web,0,False,2026-06-12T09:32:35.422605,,0.000278673716820776,0.01,0,0,9
9178,ba533b6e-4348-47e2-ad15-44129b97a732,167.16,Andorra,web,0,False,2026-06-12T09:32:36.397235,,0.000278673716820776,0.01,0,0,9
9179,c71fab3a-c105-4f30-8e17-9081b39bfff3,163.35,Bhutan,tablet,0,False,2026-06-12T09:32:37.442773,,0.000278673716820776,0.01,0,0,9
9180,be3617df-fa86-4339-95f6-a189f0b4f7b6,266.62,Guernsey,mobile,0,False,2026-06-12T09:32:38.362042,,0.00128333177417517,0.05,0,0,9
9181,be3617df-fa86-4339-95f6-a189f0b4f7b6,50000.0,Guernsey,mobile,50,False,2026-06-12T09:32:41.247081,Large Amount Transaction,0.953642308712006,68.15,0,0,9
9182,d72849d9-78a0-44d1-b8c3-53b544af3051,572.27,Austria,web,0,False,2026-06-12T09:32:41.652437,,0.00128333177417517,0.05,0,0,9
9183,5403d9b3-f7ca-43ca-8e33-8fa2f17fa349,178.79,British Indian Ocean Territory (Chagos Archipelago),web,0,False,2026-06-12T09:32:42.074989,,0.000278673716820776,0.01,0,0,9
9184,2656481e-ad4a-4bcb-8305-a000a8e10d6e,397.19,Georgia,mobile,0,False,2026-06-12T09:32:43.533239,,0.00128333177417517,0.05,0,0,9
9185,5e6afdb4-5106-4287-a558-c06bcd465e84,148.71,Luxembourg,mobile,0,False,2026-06-12T09:32:43.933627,,0.000278673716820776,0.01,0,0,9
9186,b501ce32-1dcf-4dbf-8cbd-d6467378bf78,35000.0,Vietnam,tablet,50,False,2026-06-12T09:32:44.748181,Large Amount Transaction,0.923499047756195,66.94,0,0,9
9187,004887a0-ee0e-4eec-8816-feef9fc84f63,170.44,Central African Republic,tablet,0,False,2026-06-12T09:32:45.453646,,0.000278673716820776,0.01,0,0,9
9188,3dda87a5-5e2b-4a75-8980-f3d32de4180a,76.13,Papua New Guinea,tablet,0,False,2026-06-12T09:32:46.437414,,0.0110521968454123,0.44,0,0,9
9189,2dc79de2-05b4-4305-a26d-58b42f10fae0,485.77,Oman,mobile,0,False,2026-06-12T09:32:47.363997,,0.00128333177417517,0.05,0,0,9
9190,18c833a0-55db-4cfd-bd35-9630620cb3c0,289.17,Mongolia,tablet,0,False,2026-06-12T09:32:48.374857,,0.00128333177417517,0.05,0,0,9
9191,eeaf0cfe-a227-40db-9bd4-5011ee603328,35000.0,Mali,mobile,50,False,2026-06-12T09:32:50.276219,Large Amount Transaction,0.923499047756195,66.94,0,0,9
9192,733c14b5-acbb-4e00-b3bf-b542ab3697d3,466.36,Greenland,tablet,0,False,2026-06-12T09:32:50.675855,,0.00128333177417517,0.05,0,0,9
9193,a997d3f5-711e-412f-9c3b-bf0bb372531c,549.87,Portugal,mobile,0,False,2026-06-12T09:32:51.460617,,0.00128333177417517,0.05,0,0,9
9194,177a3942-5de6-457d-b4af-82b79ce0a649,59.52,Trinidad and Tobago,tablet,0,False,2026-06-12T09:32:52.389326,,0.0110521968454123,0.44,0,0,9
9195,ea5d3fad-1a01-44c5-99c1-27e7bbbf4634,304.06,Vanuatu,web,0,False,2026-06-12T09:32:53.393277,,0.00128333177417517,0.05,0,0,9
9196,7c56da77-a1cd-41fd-a150-6329bb1bee90,50000.0,Kazakhstan,tablet,50,False,2026-06-12T09:32:54.705897,Large Amount Transaction,0.953642308712006,68.15,0,0,9
9197,11fce940-3040-44c4-b14c-aa5d8af49942,490.43,Cook Islands,tablet,0,False,2026-06-12T09:32:55.441818,,0.00128333177417517,0.05,0,0,9
9198,8ff89b42-55d8-46ac-b75b-f02009293d37,409.57,Switzerland,tablet,0,False,2026-06-12T09:32:56.398777,,0.00128333177417517,0.05,0,0,9
9199,dd0be206-b7e1-45e6-90e2-d82c49f79f9e,302.32,Ireland,tablet,0,False,2026-06-12T09:32:57.406328,,0.00128333177417517,0.05,0,0,9
9200,efa0191f-29e2-49b1-a689-e4e6b87fd049,212.9,Ecuador,web,0,False,2026-06-12T09:32:58.444678,,0.000278673716820776,0.01,0,0,9
9201,4ca169c5-2122-4223-b848-47703d698c91,25000.0,Turkey,tablet,50,False,2026-06-12T09:32:59.993314,Large Amount Transaction,0.918588399887085,66.74,0,0,9
9202,be3617df-fa86-4339-95f6-a189f0b4f7b6,155.04,Guernsey,mobile,0,False,2026-06-12T09:33:00.607305,,0.000278673716820776,0.01,0,0,9
9203,eeaf0cfe-a227-40db-9bd4-5011ee603328,534.36,Mali,mobile,0,False,2026-06-12T09:33:01.467903,,0.00128333177417517,0.05,0,0,9
9204,150e8d9e-254f-468b-bb90-eb1f80a32017,137.85,Botswana,tablet,0,False,2026-06-12T09:33:02.973129,,0.000278673716820776,0.01,0,0,9
9205,a025e1eb-e9d3-4e2d-9b94-7855a9e5fd45,385.47,New Caledonia,tablet,0,False,2026-06-12T09:33:03.401104,,0.00128333177417517,0.05,0,0,9
9206,ed549761-87e7-4e9f-bb3d-0fdd8f449050,25000.0,Saint Martin,tablet,50,False,2026-06-12T09:33:04.74531,Large Amount Transaction,0.918588399887085,66.74,0,0,9
9207,fcd628ea-f15d-45ae-af4c-73f15a026b16,92.2,Svalbard & Jan Mayen Islands,web,0,False,2026-06-12T09:33:05.415774,,0.00190439634025097,0.08,0,0,9
9208,98d6b526-3ac2-4758-b7c8-4095408a1f45,343.68,Djibouti,mobile,0,False,2026-06-12T09:33:06.538973,,0.00128333177417517,0.05,0,0,9
9209,efa0191f-29e2-49b1-a689-e4e6b87fd049,195.28,Ecuador,web,0,False,2026-06-12T09:33:07.4295,,0.000278673716820776,0.01,0,0,9
9210,4528f83f-569d-4d54-9013-41ab1d04da59,216.29,Iceland,mobile,0,False,2026-06-12T09:33:08.417575,,0.000278673716820776,0.01,0,0,9
9211,e4699fd1-2d55-4ab7-b7a8-10d13b5d9057,50000.0,Uruguay,tablet,50,False,2026-06-12T09:33:10.311684,Large Amount Transaction,0.953642308712006,68.15,0,0,9
9212,ef4827af-0b25-4890-9b5f-e87590fdc24b,436.86,Latvia,web,0,False,2026-06-12T09:33:10.781297,,0.00128333177417517,0.05,0,0,9
9213,ea5d3fad-1a01-44c5-99c1-27e7bbbf4634,408.15,Vanuatu,web,0,False,2026-06-12T09:33:11.415811,,0.00128333177417517,0.05,0,0,9
9214,4528f83f-569d-4d54-9013-41ab1d04da59,250.56,Iceland,mobile,0,False,2026-06-12T09:33:12.409967,,0.00037066315417178,0.01,0,0,9
9215,c1c20160-6ff7-4eb8-8727-6ef9cf6a4f73,246.08,Czech Republic,tablet,0,False,2026-06-12T09:33:15.694549,,0.00037066315417178,0.01,0,0,9
9216,657b3aff-cb09-41cb-8038-ece0a732adcd,50000.0,Kyrgyz Republic,tablet,50,False,2026-06-12T09:33:16.480207,Large Amount Transaction,0.953642308712006,68.15,0,0,9
9217,2fb5eb00-4e61-4370-a65f-e7b902113554,395.52,Azerbaijan,tablet,0,False,2026-06-12T09:33:16.85385,,0.00128333177417517,0.05,0,0,9
9218,be3617df-fa86-4339-95f6-a189f0b4f7b6,212.39,Guernsey,mobile,30,False,2026-06-12T09:33:18.21258,Too many transactions in a short period of time,0.000278673716820776,18.01,0,0,9
9219,677ee3df-1b75-4921-8278-f13461361949,317.41,El Salvador,web,0,False,2026-06-12T09:33:18.573932,,0.00128333177417517,0.05,0,0,9
9220,7c56da77-a1cd-41fd-a150-6329bb1bee90,210.79,Kazakhstan,tablet,0,False,2026-06-12T09:33:18.920924,,0.000278673716820776,0.01,0,0,9
9221,582f343b-a9c9-45ac-9e66-7778d23c879a,25000.0,Zimbabwe,tablet,50,False,2026-06-12T09:33:21.03796,Large Amount Transaction,0.918588399887085,66.74,0,0,9
9222,2ef6a68c-163f-45a8-95da-0652be040d82,248.69,Italy,web,0,False,2026-06-12T09:33:21.419567,,0.00037066315417178,0.01,0,0,9
9223,fcd628ea-f15d-45ae-af4c-73f15a026b16,110.15,Svalbard & Jan Mayen Islands,web,0,False,2026-06-12T09:33:21.78063,,0.0184214431792498,0.74,0,0,9
9224,d72849d9-78a0-44d1-b8c3-53b544af3051,603.11,Austria,web,0,False,2026-06-12T09:33:22.81173,,0.00128333177417517,0.05,0,0,9
9225,a025e1eb-e9d3-4e2d-9b94-7855a9e5fd45,387.85,New Caledonia,tablet,0,False,2026-06-12T09:33:23.427621,,0.00128333177417517,0.05,0,0,9
9226,3f4f6281-8c3d-4b26-9516-5c3acc5ed053,35000.0,Guadeloupe,mobile,50,False,2026-06-12T09:33:25.324673,Large Amount Transaction,0.923499047756195,66.94,0,0,9
9227,709cc7a5-8424-4cc8-9344-a20622f38225,132.34,Reunion,mobile,0,False,2026-06-12T09:33:25.760813,,0.000278673716820776,0.01,0,0,9
9228,aa5fb4cb-758b-498f-976b-ea1886ffcc3d,338.43,Grenada,tablet,0,False,2026-06-12T09:33:26.458318,,0.00128333177417517,0.05,0,0,9
9229,eeaf0cfe-a227-40db-9bd4-5011ee603328,448.03,Mali,mobile,0,False,2026-06-12T09:33:27.429587,,0.00128333177417517,0.05,0,0,9
9230,d19710ba-99fc-40ce-84bc-7d176c518f12,607.77,Wallis and Futuna,tablet,0,False,2026-06-12T09:33:28.445759,,0.00128333177417517,0.05,0,0,9
9231,3a976aac-d5c3-4693-b3e2-5df84d9ba870,50000.0,Panama,web,50,False,2026-06-12T09:33:30.346163,Large Amount Transaction,0.953642308712006,68.15,0,0,9
9232,4cabde3a-7ac1-4178-96d9-335b5b20efef,438.06,El Salvador,tablet,0,False,2026-06-12T09:33:30.809258,,0.00128333177417517,0.05,0,0,9
9233,8ff89b42-55d8-46ac-b75b-f02009293d37,381.4,Switzerland,tablet,0,False,2026-06-12T09:33:31.454991,,0.00128333177417517,0.05,0,0,9
9234,004887a0-ee0e-4eec-8816-feef9fc84f63,298.87,Central African Republic,tablet,0,False,2026-06-12T09:33:32.555108,,0.00128333177417517,0.05,0,0,9
9235,cb4989e8-ac3a-41e3-aa3a-4599dfa49595,199.38,Gambia,tablet,0,False,2026-06-12T09:33:33.502309,,0.000278673716820776,0.01,0,0,9
9236,4cdd7716-ae71-4d6e-b386-8a897309d781,50000.0,Saint Martin,web,50,False,2026-06-12T09:33:34.990615,Large Amount Transaction,0.953642308712006,68.15,0,0,9
9237,56305255-d4ee-4a10-85d6-59ca05d77ed8,203.62,Spain,tablet,0,False,2026-06-12T09:33:35.480843,,0.000278673716820776,0.01,0,0,9
9238,b501ce32-1dcf-4dbf-8cbd-d6467378bf78,125.46,Vietnam,tablet,0,False,2026-06-12T09:33:36.463428,,0.000278673716820776,0.01,0,0,9
9290,f855de3e-26b7-4f72-9fb4-3a7c95435653,348.84,Guinea-Bissau,web,0,False,2026-06-12T09:34:28.509358,,0.00128333177417517,0.05,0,0,9
9239,d104afb2-5be0-4be3-ae01-ebe05691e88d,114.72,Norway,tablet,30,False,2026-06-12T09:33:37.437912,Too many transactions in a short period of time,0.000278673716820776,18.01,0,0,9
9240,98d6b526-3ac2-4758-b7c8-4095408a1f45,374.56,Djibouti,mobile,0,False,2026-06-12T09:33:38.505105,,0.00128333177417517,0.05,0,0,9
9241,a8aaa8ad-074b-4819-99b9-d4c338812b07,50000.0,Kuwait,web,50,False,2026-06-12T09:33:40.485503,Large Amount Transaction,0.953642308712006,68.15,0,0,9
9242,733c14b5-acbb-4e00-b3bf-b542ab3697d3,253.47,Greenland,tablet,0,False,2026-06-12T09:33:41.257782,,0.00037066315417178,0.01,0,0,9
9243,20e2fee7-0c6f-4e89-95ce-bde23ab8e961,157.59,Cambodia,mobile,0,False,2026-06-12T09:33:41.648877,,0.000278673716820776,0.01,0,0,9
9244,709cc7a5-8424-4cc8-9344-a20622f38225,122.41,Reunion,mobile,0,False,2026-06-12T09:33:42.463964,,0.000278673716820776,0.01,0,0,9
9245,8ff89b42-55d8-46ac-b75b-f02009293d37,378.77,Switzerland,tablet,0,False,2026-06-12T09:33:43.501679,,0.00128333177417517,0.05,0,0,9
9246,b3cd7d0c-542f-4f2d-8e98-7962a06f90d7,25000.0,Cayman Islands,web,50,False,2026-06-12T09:33:44.807307,Large Amount Transaction,0.918588399887085,66.74,0,0,9
9247,4e3049c2-6d98-467b-99eb-f212ab41fae6,195.85,New Caledonia,tablet,0,False,2026-06-12T09:33:45.490814,,0.000278673716820776,0.01,0,0,9
9248,eeaf0cfe-a227-40db-9bd4-5011ee603328,596.98,Mali,mobile,0,False,2026-06-12T09:33:46.509298,,0.00128333177417517,0.05,0,0,9
9249,3209a90c-ca58-4d4d-8c66-445af212a6d6,201.7,Samoa,mobile,0,False,2026-06-12T09:33:47.438762,,0.000278673716820776,0.01,0,0,9
9250,8b0a632c-4605-4eeb-ac19-1a75e578d73a,97.89,Christmas Island,mobile,0,False,2026-06-12T09:33:48.466205,,0.00190439634025097,0.08,0,0,9
9251,18c833a0-55db-4cfd-bd35-9630620cb3c0,50000.0,Mongolia,tablet,50,False,2026-06-12T09:33:50.109683,Large Amount Transaction,0.953642308712006,68.15,0,0,9
9252,4cfa39f2-41aa-48d3-9774-cbff44e39a9c,298.38,French Guiana,web,0,False,2026-06-12T09:33:50.570433,,0.00128333177417517,0.05,0,0,9
9253,f5c910fa-5e89-44a0-a51d-b6cf5b4e5514,194.94,Isle of Man,tablet,0,False,2026-06-12T09:33:51.464361,,0.000278673716820776,0.01,0,0,9
9254,a222b003-93ef-455a-8d5a-150e77198d43,336.91,Svalbard & Jan Mayen Islands,mobile,0,False,2026-06-12T09:33:52.493324,,0.00128333177417517,0.05,0,0,9
9255,b501ce32-1dcf-4dbf-8cbd-d6467378bf78,128.51,Vietnam,tablet,0,False,2026-06-12T09:33:53.508335,,0.000278673716820776,0.01,0,0,9
9256,004887a0-ee0e-4eec-8816-feef9fc84f63,35000.0,Central African Republic,tablet,50,False,2026-06-12T09:33:54.864803,Large Amount Transaction,0.923499047756195,66.94,0,0,9
9257,a222b003-93ef-455a-8d5a-150e77198d43,239.88,Svalbard & Jan Mayen Islands,mobile,0,False,2026-06-12T09:33:55.454187,,0.000278673716820776,0.01,0,0,9
9258,79f31099-560a-4353-bb6e-c131951492da,481.47,Greece,mobile,0,False,2026-06-12T09:33:56.466496,,0.00128333177417517,0.05,0,0,9
9259,677ee3df-1b75-4921-8278-f13461361949,302.58,El Salvador,web,0,False,2026-06-12T09:33:57.486315,,0.00128333177417517,0.05,0,0,9
9260,fbbf7a13-7c07-4530-8da7-4aa7a1fc0143,441.4,Myanmar,mobile,0,False,2026-06-12T09:33:58.576814,,0.00128333177417517,0.05,0,0,9
9261,c71fab3a-c105-4f30-8e17-9081b39bfff3,50000.0,Bhutan,tablet,50,False,2026-06-12T09:33:59.776717,Large Amount Transaction,0.953642308712006,68.15,0,0,9
9262,7c56da77-a1cd-41fd-a150-6329bb1bee90,190.1,Kazakhstan,tablet,0,False,2026-06-12T09:34:00.733649,,0.000278673716820776,0.01,0,0,9
9263,4ca169c5-2122-4223-b848-47703d698c91,486.63,Turkey,tablet,0,False,2026-06-12T09:34:01.750816,,0.00128333177417517,0.05,0,0,9
9264,98d6b526-3ac2-4758-b7c8-4095408a1f45,239.76,Djibouti,mobile,30,False,2026-06-12T09:34:02.493386,Too many transactions in a short period of time,0.000278673716820776,18.01,0,0,9
9265,2dc79de2-05b4-4305-a26d-58b42f10fae0,320.86,Oman,mobile,0,False,2026-06-12T09:34:03.473407,,0.00128333177417517,0.05,0,0,9
9266,4e3049c2-6d98-467b-99eb-f212ab41fae6,35000.0,New Caledonia,tablet,50,False,2026-06-12T09:34:05.376278,Large Amount Transaction,0.923499047756195,66.94,0,0,9
9267,2656481e-ad4a-4bcb-8305-a000a8e10d6e,381.65,Georgia,mobile,0,False,2026-06-12T09:34:05.855395,,0.00128333177417517,0.05,0,0,9
9268,a025e1eb-e9d3-4e2d-9b94-7855a9e5fd45,381.79,New Caledonia,tablet,0,False,2026-06-12T09:34:06.475251,,0.00128333177417517,0.05,0,0,9
9269,4528f83f-569d-4d54-9013-41ab1d04da59,188.23,Iceland,mobile,0,False,2026-06-12T09:34:07.484911,,0.000278673716820776,0.01,0,0,9
9270,4e7274be-509c-4699-9187-7e4beb657d00,93.1,Croatia,mobile,0,False,2026-06-12T09:34:08.48332,,0.00190439634025097,0.08,0,0,9
9271,fe3d5545-89d6-4ed1-8f2f-03171bcdf38d,25000.0,Cambodia,mobile,50,False,2026-06-12T09:34:13.319897,Large Amount Transaction,0.918588399887085,66.74,0,0,9
9272,e4699fd1-2d55-4ab7-b7a8-10d13b5d9057,248.24,Uruguay,tablet,0,False,2026-06-12T09:34:13.724275,,0.00037066315417178,0.01,0,0,9
9273,11fce940-3040-44c4-b14c-aa5d8af49942,455.02,Cook Islands,tablet,0,False,2026-06-12T09:34:14.084212,,0.00128333177417517,0.05,0,0,9
9274,cb4989e8-ac3a-41e3-aa3a-4599dfa49595,221.27,Gambia,tablet,0,False,2026-06-12T09:34:14.424189,,0.000278673716820776,0.01,0,0,9
9275,e4699fd1-2d55-4ab7-b7a8-10d13b5d9057,222.09,Uruguay,tablet,0,False,2026-06-12T09:34:14.74687,,0.000278673716820776,0.01,0,0,9
9276,8ff89b42-55d8-46ac-b75b-f02009293d37,35000.0,Switzerland,tablet,50,False,2026-06-12T09:34:15.760376,Large Amount Transaction,0.923499047756195,66.94,0,0,9
9277,4cabde3a-7ac1-4178-96d9-335b5b20efef,326.01,El Salvador,tablet,0,False,2026-06-12T09:34:16.113092,,0.00128333177417517,0.05,0,0,9
9278,7c56da77-a1cd-41fd-a150-6329bb1bee90,217.48,Kazakhstan,tablet,30,False,2026-06-12T09:34:16.603692,Too many transactions in a short period of time,0.000278673716820776,18.01,0,0,9
9279,c1763fa2-074f-4db4-a8c1-068d3c38d34a,241.58,New Caledonia,mobile,0,False,2026-06-12T09:34:17.55633,,0.000278673716820776,0.01,0,0,9
9280,cb4989e8-ac3a-41e3-aa3a-4599dfa49595,214.58,Gambia,tablet,30,False,2026-06-12T09:34:18.526022,Too many transactions in a short period of time,0.000278673716820776,18.01,0,0,9
9281,004887a0-ee0e-4eec-8816-feef9fc84f63,50000.0,Central African Republic,tablet,50,False,2026-06-12T09:34:19.910608,Large Amount Transaction,0.953642308712006,68.15,0,0,9
9282,eeaf0cfe-a227-40db-9bd4-5011ee603328,508.26,Mali,mobile,0,False,2026-06-12T09:34:20.503647,,0.00128333177417517,0.05,0,0,9
9283,709cc7a5-8424-4cc8-9344-a20622f38225,129.39,Reunion,mobile,0,False,2026-06-12T09:34:21.533639,,0.000278673716820776,0.01,0,0,9
9284,8b0a632c-4605-4eeb-ac19-1a75e578d73a,110.83,Christmas Island,mobile,0,False,2026-06-12T09:34:22.586659,,0.000278673716820776,0.01,0,0,9
9285,2ef6a68c-163f-45a8-95da-0652be040d82,370.31,Italy,web,0,False,2026-06-12T09:34:23.490573,,0.00128333177417517,0.05,0,0,9
9286,a11e66d9-b08f-4036-8333-df02617e84e0,35000.0,Romania,tablet,50,False,2026-06-12T09:34:26.009262,Large Amount Transaction,0.923499047756195,66.94,0,0,9
9287,5e6afdb4-5106-4287-a558-c06bcd465e84,117.03,Luxembourg,mobile,0,False,2026-06-12T09:34:26.397061,,0.000278673716820776,0.01,0,0,9
9288,a8aaa8ad-074b-4819-99b9-d4c338812b07,493.26,Kuwait,web,0,False,2026-06-12T09:34:26.783986,,0.00128333177417517,0.05,0,0,9
9289,06d7dcb3-fda0-4e2f-a0f4-65a9a921568d,410.75,Saint Vincent and the Grenadines,web,0,False,2026-06-12T09:34:27.514901,,0.00128333177417517,0.05,0,0,9
9291,7c56da77-a1cd-41fd-a150-6329bb1bee90,35000.0,Kazakhstan,tablet,50,False,2026-06-12T09:34:30.491281,Large Amount Transaction,0.923499047756195,66.94,0,0,9
9292,58d83f88-c433-4aee-8722-87955185d808,70.37,Puerto Rico,tablet,0,False,2026-06-12T09:34:31.426855,,0.0110521968454123,0.44,0,0,9
9293,37a5cf2c-b700-4417-8f7f-4b86c5aca706,50.32,Egypt,web,0,False,2026-06-12T09:34:31.863958,,0.0110521968454123,0.44,0,0,9
9294,f7ea07bd-f4b8-400b-9fb1-63da2e01a76b,97.75,Gibraltar,tablet,0,False,2026-06-12T09:34:32.53098,,0.00190439634025097,0.08,0,0,9
9295,7c56da77-a1cd-41fd-a150-6329bb1bee90,173.43,Kazakhstan,tablet,30,False,2026-06-12T09:34:34.547592,Too many transactions in a short period of time,0.000278673716820776,18.01,0,0,9
9296,c71fab3a-c105-4f30-8e17-9081b39bfff3,50000.0,Bhutan,tablet,50,False,2026-06-12T09:34:35.290784,Large Amount Transaction,0.953642308712006,68.15,0,0,9
9297,004887a0-ee0e-4eec-8816-feef9fc84f63,291.54,Central African Republic,tablet,0,False,2026-06-12T09:34:35.667865,,0.00128333177417517,0.05,0,0,9
9298,fcd628ea-f15d-45ae-af4c-73f15a026b16,123.02,Svalbard & Jan Mayen Islands,web,0,False,2026-06-12T09:34:36.585284,,0.000278673716820776,0.01,0,0,9
9299,ed549761-87e7-4e9f-bb3d-0fdd8f449050,246.47,Saint Martin,tablet,0,False,2026-06-12T09:34:37.557879,,0.00037066315417178,0.01,0,0,9
9300,aa3789d7-a67b-4256-afba-398a1e9fbc85,424.03,New Caledonia,mobile,0,False,2026-06-12T09:34:38.50648,,0.00128333177417517,0.05,0,0,9
9301,1e25bacf-5179-42fc-b335-a4ed5e804a51,25000.0,Norway,web,50,False,2026-06-12T09:34:40.575104,Large Amount Transaction,0.918588399887085,66.74,0,0,9
9302,ba533b6e-4348-47e2-ad15-44129b97a732,145.81,Andorra,web,0,False,2026-06-12T09:34:41.015251,,0.000278673716820776,0.01,0,0,9
9303,3a282bbe-3fd2-4aa2-a7ca-aa71a9b91cbd,295.44,Mauritania,mobile,0,False,2026-06-12T09:34:41.829819,,0.00128333177417517,0.05,0,0,9
9304,004887a0-ee0e-4eec-8816-feef9fc84f63,193.28,Central African Republic,tablet,0,False,2026-06-12T09:34:42.662422,,0.000278673716820776,0.01,0,0,9
9305,052a9171-6742-4a70-8db8-b9267e30d1f1,298.99,Azerbaijan,mobile,0,False,2026-06-12T09:34:44.568678,,0.00128333177417517,0.05,0,0,9
9306,18c833a0-55db-4cfd-bd35-9630620cb3c0,35000.0,Mongolia,tablet,50,False,2026-06-12T09:34:45.815772,Large Amount Transaction,0.923499047756195,66.94,0,0,9
9307,004887a0-ee0e-4eec-8816-feef9fc84f63,240.37,Central African Republic,tablet,30,False,2026-06-12T09:34:46.186939,Too many transactions in a short period of time,0.000278673716820776,18.01,0,0,9
9308,150e8d9e-254f-468b-bb90-eb1f80a32017,124.15,Botswana,tablet,0,False,2026-06-12T09:34:46.631404,,0.000278673716820776,0.01,0,0,9
9309,d72849d9-78a0-44d1-b8c3-53b544af3051,563.02,Austria,web,0,False,2026-06-12T09:34:47.860567,,0.00128333177417517,0.05,0,0,9
9310,3dda87a5-5e2b-4a75-8980-f3d32de4180a,70.95,Papua New Guinea,tablet,0,False,2026-06-12T09:34:48.552875,,0.0110521968454123,0.44,0,0,9
9311,a76072ef-6c59-4614-8f9a-d154ef065962,25000.0,British Virgin Islands,web,50,False,2026-06-12T09:34:50.258818,Large Amount Transaction,0.918588399887085,66.74,0,0,9
9312,b89350bd-41aa-4930-9f55-8ffa95e3f296,194.68,Senegal,web,0,False,2026-06-12T09:34:50.897055,,0.000278673716820776,0.01,0,0,9
9313,4fb7305a-d771-4d9f-925d-0a74c7b9aea8,247.74,Romania,web,0,False,2026-06-12T09:34:51.579862,,0.00037066315417178,0.01,0,0,9
9314,ea5d3fad-1a01-44c5-99c1-27e7bbbf4634,232.17,Vanuatu,web,0,False,2026-06-12T09:34:52.570917,,0.000278673716820776,0.01,0,0,9
9315,582f343b-a9c9-45ac-9e66-7778d23c879a,337.94,Zimbabwe,tablet,0,False,2026-06-12T09:34:53.6156,,0.00128333177417517,0.05,0,0,9
9316,4cdd7716-ae71-4d6e-b386-8a897309d781,50000.0,Saint Martin,web,50,False,2026-06-12T09:34:55.385759,Large Amount Transaction,0.953642308712006,68.15,0,0,9
9317,9835a674-db53-4597-a9fa-06ea3a06c5de,342.95,Sweden,web,0,False,2026-06-12T09:34:57.014947,,0.00128333177417517,0.05,0,0,9
9318,404d2f9b-cae7-4347-a9c8-a3302160941f,294.81,Congo,tablet,0,False,2026-06-12T09:34:57.403918,,0.00128333177417517,0.05,0,0,9
9319,ed755cf4-817f-41b4-a603-7f507e92ecde,387.18,North Macedonia,web,0,False,2026-06-12T09:34:58.041773,,0.00128333177417517,0.05,0,0,9
9320,dd0be206-b7e1-45e6-90e2-d82c49f79f9e,159.85,Ireland,tablet,0,False,2026-06-12T09:34:58.58856,,0.000278673716820776,0.01,0,0,9
9321,4cabde3a-7ac1-4178-96d9-335b5b20efef,35000.0,El Salvador,tablet,50,False,2026-06-12T09:35:00.482336,Large Amount Transaction,0.923499047756195,66.94,0,0,9
9322,cb4989e8-ac3a-41e3-aa3a-4599dfa49595,194.85,Gambia,tablet,30,False,2026-06-12T09:35:00.875049,Too many transactions in a short period of time,0.000278673716820776,18.01,0,0,9
9323,150e8d9e-254f-468b-bb90-eb1f80a32017,158.84,Botswana,tablet,0,False,2026-06-12T09:35:01.7284,,0.000278673716820776,0.01,0,0,9
9324,150e8d9e-254f-468b-bb90-eb1f80a32017,124.1,Botswana,tablet,0,False,2026-06-12T09:35:02.660223,,0.000278673716820776,0.01,0,0,9
9325,0a2f8be7-bf13-4e5f-9777-f626aa23a1de,376.2,Malawi,mobile,0,False,2026-06-12T09:35:03.592159,,0.00128333177417517,0.05,0,0,9
9326,a997d3f5-711e-412f-9c3b-bf0bb372531c,50000.0,Portugal,mobile,50,False,2026-06-12T09:35:05.03297,Large Amount Transaction,0.953642308712006,68.15,0,0,9
9327,709cc7a5-8424-4cc8-9344-a20622f38225,147.01,Reunion,mobile,0,False,2026-06-12T09:35:05.598381,,0.000278673716820776,0.01,0,0,9
9328,2dc79de2-05b4-4305-a26d-58b42f10fae0,349.46,Oman,mobile,0,False,2026-06-12T09:35:06.69938,,0.00128333177417517,0.05,0,0,9
9329,4cdd7716-ae71-4d6e-b386-8a897309d781,462.61,Saint Martin,web,0,False,2026-06-12T09:35:07.629691,,0.00128333177417517,0.05,0,0,9
9330,37a5cf2c-b700-4417-8f7f-4b86c5aca706,75.49,Egypt,web,0,False,2026-06-12T09:35:08.595835,,0.0110521968454123,0.44,0,0,9
9331,aa5fb4cb-758b-498f-976b-ea1886ffcc3d,50000.0,Grenada,tablet,50,False,2026-06-12T09:35:10.485073,Large Amount Transaction,0.953642308712006,68.15,0,0,9
9332,004887a0-ee0e-4eec-8816-feef9fc84f63,275.77,Central African Republic,tablet,30,False,2026-06-12T09:35:10.865426,Too many transactions in a short period of time,0.00128333177417517,18.05,0,0,9
9333,150e8d9e-254f-468b-bb90-eb1f80a32017,124.65,Botswana,tablet,30,False,2026-06-12T09:35:11.607921,Too many transactions in a short period of time,0.000278673716820776,18.01,0,0,9
9334,cb4989e8-ac3a-41e3-aa3a-4599dfa49595,197.33,Gambia,tablet,30,False,2026-06-12T09:35:12.620411,Too many transactions in a short period of time,0.000278673716820776,18.01,0,0,9
9335,8cc521f1-3281-496f-9842-8c97b4ae414b,354.81,Rwanda,mobile,0,False,2026-06-12T09:35:13.591322,,0.00128333177417517,0.05,0,0,9
9336,efa0191f-29e2-49b1-a689-e4e6b87fd049,35000.0,Ecuador,web,50,False,2026-06-12T09:35:15.467995,Large Amount Transaction,0.923499047756195,66.94,0,0,9
9337,f855de3e-26b7-4f72-9fb4-3a7c95435653,361.89,Guinea-Bissau,web,0,False,2026-06-12T09:35:15.862716,,0.00128333177417517,0.05,0,0,9
9338,ac2489d8-632e-4386-ac6d-6057105f3d1e,314.03,Christmas Island,tablet,0,False,2026-06-12T09:35:16.64636,,0.00128333177417517,0.05,0,0,9
9339,a76072ef-6c59-4614-8f9a-d154ef065962,131.27,British Virgin Islands,web,0,False,2026-06-12T09:35:17.627439,,0.000278673716820776,0.01,0,0,9
9340,4cfa39f2-41aa-48d3-9774-cbff44e39a9c,304.53,French Guiana,web,0,False,2026-06-12T09:35:18.608398,,0.00128333177417517,0.05,0,0,9
9341,5e6afdb4-5106-4287-a558-c06bcd465e84,35000.0,Luxembourg,mobile,50,False,2026-06-12T09:35:20.034295,Large Amount Transaction,0.923499047756195,66.94,0,0,9
9342,18c833a0-55db-4cfd-bd35-9630620cb3c0,224.94,Mongolia,tablet,30,False,2026-06-12T09:35:20.627361,Too many transactions in a short period of time,0.000278673716820776,18.01,0,0,9
9343,cd029776-f57f-431e-a943-f71c29d422db,219.25,Cyprus,web,0,False,2026-06-12T09:35:21.686769,,0.000278673716820776,0.01,0,0,9
9344,86e18f2d-5537-43d9-83a7-826bfe7ffe6e,294.07,Tajikistan,mobile,0,False,2026-06-12T09:35:22.619503,,0.00128333177417517,0.05,0,0,9
9345,a2635b89-a092-4f7f-ac6e-3f22e786d804,143.63,Ireland,web,0,False,2026-06-12T09:35:23.621495,,0.000278673716820776,0.01,0,0,9
9346,ea5d3fad-1a01-44c5-99c1-27e7bbbf4634,50000.0,Vanuatu,web,50,False,2026-06-12T09:35:25.503567,Large Amount Transaction,0.953642308712006,68.15,0,0,9
9347,90e11c31-bf65-49d1-a545-ff52b58eef8d,356.21,Aruba,mobile,0,False,2026-06-12T09:35:25.917443,,0.00128333177417517,0.05,0,0,9
9348,37a5cf2c-b700-4417-8f7f-4b86c5aca706,70.14,Egypt,web,0,False,2026-06-12T09:35:26.693249,,0.0110521968454123,0.44,0,0,9
9349,0a2f8be7-bf13-4e5f-9777-f626aa23a1de,391.51,Malawi,mobile,0,False,2026-06-12T09:35:27.650073,,0.00128333177417517,0.05,0,0,9
9350,ba533b6e-4348-47e2-ad15-44129b97a732,332.07,Andorra,web,0,False,2026-06-12T09:35:28.655037,,0.00128333177417517,0.05,0,0,9
9351,18c833a0-55db-4cfd-bd35-9630620cb3c0,25000.0,Mongolia,tablet,50,False,2026-06-12T09:35:29.972878,Large Amount Transaction,0.918588399887085,66.74,0,0,9
9352,657b3aff-cb09-41cb-8038-ece0a732adcd,265.35,Kyrgyz Republic,tablet,0,False,2026-06-12T09:35:30.653832,,0.0210982449352741,0.84,0,0,9
9353,20e2fee7-0c6f-4e89-95ce-bde23ab8e961,155.58,Cambodia,mobile,0,False,2026-06-12T09:35:31.82234,,0.000278673716820776,0.01,0,0,9
9354,06d7dcb3-fda0-4e2f-a0f4-65a9a921568d,314.33,Saint Vincent and the Grenadines,web,0,False,2026-06-12T09:35:32.761351,,0.00128333177417517,0.05,0,0,9
9355,b3cd7d0c-542f-4f2d-8e98-7962a06f90d7,181.38,Cayman Islands,web,0,False,2026-06-12T09:35:33.630383,,0.000278673716820776,0.01,0,0,9
9356,8e33e713-3bc1-4cde-9fe9-e66b1f941456,35000.0,Western Sahara,mobile,50,False,2026-06-12T09:35:35.085263,Large Amount Transaction,0.923499047756195,66.94,0,0,9
9357,2dc79de2-05b4-4305-a26d-58b42f10fae0,298.38,Oman,mobile,0,False,2026-06-12T09:35:36.609077,,0.00128333177417517,0.05,0,0,9
9358,582f343b-a9c9-45ac-9e66-7778d23c879a,305.17,Zimbabwe,tablet,0,False,2026-06-12T09:35:37.2222,,0.00128333177417517,0.05,0,0,9
9359,eeaf0cfe-a227-40db-9bd4-5011ee603328,605.26,Mali,mobile,0,False,2026-06-12T09:35:37.633725,,0.00128333177417517,0.05,0,0,9
9360,fbbf7a13-7c07-4530-8da7-4aa7a1fc0143,297.55,Myanmar,mobile,0,False,2026-06-12T09:35:38.715175,,0.00128333177417517,0.05,0,0,9
9361,3a976aac-d5c3-4693-b3e2-5df84d9ba870,50000.0,Panama,web,50,False,2026-06-12T09:35:40.44404,Large Amount Transaction,0.953642308712006,68.15,0,0,9
9362,3747c437-17b6-4e4e-a1ab-a02f7e9f9398,370.17,El Salvador,mobile,0,False,2026-06-12T09:35:40.788257,,0.00128333177417517,0.05,0,0,9
9363,2dc79de2-05b4-4305-a26d-58b42f10fae0,352.76,Oman,mobile,0,False,2026-06-12T09:35:41.679668,,0.00128333177417517,0.05,0,0,9
9364,fe3d5545-89d6-4ed1-8f2f-03171bcdf38d,171.88,Cambodia,mobile,0,False,2026-06-12T09:35:42.714884,,0.000278673716820776,0.01,0,0,9
9365,efa0191f-29e2-49b1-a689-e4e6b87fd049,241.95,Ecuador,web,0,False,2026-06-12T09:35:43.7262,,0.000278673716820776,0.01,0,0,9
9366,8cc521f1-3281-496f-9842-8c97b4ae414b,25000.0,Rwanda,mobile,50,False,2026-06-12T09:35:45.017827,Large Amount Transaction,0.918588399887085,66.74,0,0,9
9367,0a2f8be7-bf13-4e5f-9777-f626aa23a1de,351.35,Malawi,mobile,0,False,2026-06-12T09:35:45.730745,,0.00128333177417517,0.05,0,0,9
9368,20e2fee7-0c6f-4e89-95ce-bde23ab8e961,150.19,Cambodia,mobile,0,False,2026-06-12T09:35:46.668785,,0.000278673716820776,0.01,0,0,9
9369,56305255-d4ee-4a10-85d6-59ca05d77ed8,207.97,Spain,tablet,0,False,2026-06-12T09:35:47.71487,,0.000278673716820776,0.01,0,0,9
9370,3f1d281d-2daa-47c4-a9fe-28e1a857ffd4,136.26,Pitcairn Islands,tablet,0,False,2026-06-12T09:35:48.790327,,0.000278673716820776,0.01,0,0,9
9371,fe3d5545-89d6-4ed1-8f2f-03171bcdf38d,50000.0,Cambodia,mobile,50,False,2026-06-12T09:35:52.729618,Large Amount Transaction,0.953642308712006,68.15,0,0,9
9372,ea5d3fad-1a01-44c5-99c1-27e7bbbf4634,283.63,Vanuatu,web,0,False,2026-06-12T09:35:53.366817,,0.00128333177417517,0.05,0,0,9
9373,11fce940-3040-44c4-b14c-aa5d8af49942,413.07,Cook Islands,tablet,0,False,2026-06-12T09:35:53.738668,,0.00128333177417517,0.05,0,0,9
9374,150e8d9e-254f-468b-bb90-eb1f80a32017,96.0,Botswana,tablet,30,False,2026-06-12T09:35:54.160305,Too many transactions in a short period of time,0.00190439634025097,18.08,0,0,9
9375,0a2f8be7-bf13-4e5f-9777-f626aa23a1de,399.5,Malawi,mobile,0,False,2026-06-12T09:35:54.808123,,0.00128333177417517,0.05,0,0,9
9376,37a5cf2c-b700-4417-8f7f-4b86c5aca706,25000.0,Egypt,web,50,False,2026-06-12T09:35:56.090369,Large Amount Transaction,0.918588399887085,66.74,0,0,9
9377,3a282bbe-3fd2-4aa2-a7ca-aa71a9b91cbd,313.87,Mauritania,mobile,0,False,2026-06-12T09:35:56.482238,,0.00128333177417517,0.05,0,0,9
9378,37a5cf2c-b700-4417-8f7f-4b86c5aca706,64.55,Egypt,web,0,False,2026-06-12T09:35:56.86061,,0.0110521968454123,0.44,0,0,9
9379,0a2f8be7-bf13-4e5f-9777-f626aa23a1de,330.34,Malawi,mobile,30,False,2026-06-12T09:35:57.704704,Too many transactions in a short period of time,0.00128333177417517,18.05,0,0,9
9380,155d5e30-3c91-4703-a8c2-829bdb432135,95.89,Czech Republic,mobile,0,False,2026-06-12T09:35:59.004177,,0.00190439634025097,0.08,0,0,9
9381,eeaf0cfe-a227-40db-9bd4-5011ee603328,25000.0,Mali,mobile,50,False,2026-06-12T09:36:00.522181,Large Amount Transaction,0.918588399887085,66.74,0,0,9
9382,11fce940-3040-44c4-b14c-aa5d8af49942,489.23,Cook Islands,tablet,0,False,2026-06-12T09:36:01.160766,,0.00128333177417517,0.05,0,0,9
9383,4cabde3a-7ac1-4178-96d9-335b5b20efef,360.9,El Salvador,tablet,0,False,2026-06-12T09:36:01.717102,,0.00128333177417517,0.05,0,0,9
9384,f855de3e-26b7-4f72-9fb4-3a7c95435653,236.9,Guinea-Bissau,web,0,False,2026-06-12T09:36:02.708894,,0.000278673716820776,0.01,0,0,9
9385,d72849d9-78a0-44d1-b8c3-53b544af3051,423.84,Austria,web,0,False,2026-06-12T09:36:03.725713,,0.00128333177417517,0.05,0,0,9
9386,177a3942-5de6-457d-b4af-82b79ce0a649,50000.0,Trinidad and Tobago,tablet,50,False,2026-06-12T09:36:05.407231,Large Amount Transaction,0.953642308712006,68.15,0,0,9
9387,ef4827af-0b25-4890-9b5f-e87590fdc24b,439.94,Latvia,web,0,False,2026-06-12T09:36:06.336983,,0.00128333177417517,0.05,0,0,9
9388,d72849d9-78a0-44d1-b8c3-53b544af3051,498.19,Austria,web,0,False,2026-06-12T09:36:06.949764,,0.00128333177417517,0.05,0,0,9
9389,c1763fa2-074f-4db4-a8c1-068d3c38d34a,415.28,New Caledonia,mobile,0,False,2026-06-12T09:36:07.763346,,0.00128333177417517,0.05,0,0,9
9390,06d7dcb3-fda0-4e2f-a0f4-65a9a921568d,472.72,Saint Vincent and the Grenadines,web,0,False,2026-06-12T09:36:09.038325,,0.00128333177417517,0.05,0,0,9
9391,b89350bd-41aa-4930-9f55-8ffa95e3f296,25000.0,Senegal,web,50,False,2026-06-12T09:36:10.897112,Large Amount Transaction,0.918588399887085,66.74,0,0,9
9392,a025e1eb-e9d3-4e2d-9b94-7855a9e5fd45,406.53,New Caledonia,tablet,0,False,2026-06-12T09:36:11.392117,,0.00128333177417517,0.05,0,0,9
9393,657b3aff-cb09-41cb-8038-ece0a732adcd,266.02,Kyrgyz Republic,tablet,0,False,2026-06-12T09:36:11.838861,,0.00128333177417517,0.05,0,0,9
9394,f289d53b-4ecf-4029-9a10-dcce3f4cf795,60.76,Slovenia,mobile,0,False,2026-06-12T09:36:12.767296,,0.0110521968454123,0.44,0,0,9
9395,f855de3e-26b7-4f72-9fb4-3a7c95435653,327.68,Guinea-Bissau,web,0,False,2026-06-12T09:36:14.204809,,0.00128333177417517,0.05,0,0,9
9396,fae654ac-c204-44cb-b9e3-c3cac08f4ef8,25000.0,Marshall Islands,tablet,50,False,2026-06-12T09:36:15.288899,Large Amount Transaction,0.918588399887085,66.74,0,0,9
9397,56305255-d4ee-4a10-85d6-59ca05d77ed8,234.97,Spain,tablet,0,False,2026-06-12T09:36:15.771629,,0.000278673716820776,0.01,0,0,9
9398,052a9171-6742-4a70-8db8-b9267e30d1f1,378.58,Azerbaijan,mobile,0,False,2026-06-12T09:36:16.895769,,0.00128333177417517,0.05,0,0,9
9399,ea5d3fad-1a01-44c5-99c1-27e7bbbf4634,372.94,Vanuatu,web,0,False,2026-06-12T09:36:17.698968,,0.00128333177417517,0.05,0,0,9
9400,98d6b526-3ac2-4758-b7c8-4095408a1f45,424.34,Djibouti,mobile,0,False,2026-06-12T09:36:18.743169,,0.00128333177417517,0.05,0,0,9
9401,1c90a7b8-2c91-4c3f-8f24-95ef67dff31c,50000.0,Cyprus,tablet,50,False,2026-06-12T09:36:20.83657,Large Amount Transaction,0.953642308712006,68.15,0,0,9
9402,a2635b89-a092-4f7f-ac6e-3f22e786d804,277.68,Ireland,web,0,False,2026-06-12T09:36:21.879272,,0.00128333177417517,0.05,0,0,9
9403,f5c910fa-5e89-44a0-a51d-b6cf5b4e5514,182.01,Isle of Man,tablet,0,False,2026-06-12T09:36:22.702642,,0.000278673716820776,0.01,0,0,9
9404,3f1d281d-2daa-47c4-a9fe-28e1a857ffd4,129.02,Pitcairn Islands,tablet,0,False,2026-06-12T09:36:23.370852,,0.000278673716820776,0.01,0,0,9
9405,4e3049c2-6d98-467b-99eb-f212ab41fae6,258.27,New Caledonia,tablet,0,False,2026-06-12T09:36:24.016934,,0.00037066315417178,0.01,0,0,9
9406,e4699fd1-2d55-4ab7-b7a8-10d13b5d9057,35000.0,Uruguay,tablet,50,False,2026-06-12T09:36:26.873631,Large Amount Transaction,0.923499047756195,66.94,0,0,9
9407,a8aaa8ad-074b-4819-99b9-d4c338812b07,602.4,Kuwait,web,0,False,2026-06-12T09:36:27.251943,,0.00128333177417517,0.05,0,0,9
9408,d104afb2-5be0-4be3-ae01-ebe05691e88d,59.89,Norway,tablet,30,False,2026-06-12T09:36:27.619499,Too many transactions in a short period of time,0.0110521968454123,18.44,0,0,9
9409,4cabde3a-7ac1-4178-96d9-335b5b20efef,318.85,El Salvador,tablet,0,False,2026-06-12T09:36:28.009357,,0.00128333177417517,0.05,0,0,9
9410,3dda87a5-5e2b-4a75-8980-f3d32de4180a,81.88,Papua New Guinea,tablet,0,False,2026-06-12T09:36:28.743563,,0.00190439634025097,0.08,0,0,9
9411,3165aedc-036f-41d0-b38e-31f658893545,50000.0,Jamaica,tablet,50,False,2026-06-12T09:36:31.201349,Large Amount Transaction,0.953642308712006,68.15,0,0,9
9412,0a2f8be7-bf13-4e5f-9777-f626aa23a1de,414.92,Malawi,mobile,0,False,2026-06-12T09:36:31.702817,,0.00128333177417517,0.05,0,0,9
9413,fe3d5545-89d6-4ed1-8f2f-03171bcdf38d,135.62,Cambodia,mobile,0,False,2026-06-12T09:36:32.060238,,0.000278673716820776,0.01,0,0,9
9414,5e6afdb4-5106-4287-a558-c06bcd465e84,135.79,Luxembourg,mobile,0,False,2026-06-12T09:36:33.725028,,0.000278673716820776,0.01,0,0,9
9415,aef5b2fd-5fe9-40a2-8bf2-ecf6523d1b2a,383.72,Cape Verde,tablet,0,False,2026-06-12T09:36:35.068841,,0.00128333177417517,0.05,0,0,9
9416,004887a0-ee0e-4eec-8816-feef9fc84f63,35000.0,Central African Republic,tablet,50,False,2026-06-12T09:36:38.210265,Large Amount Transaction,0.923499047756195,66.94,0,0,9
9417,58d83f88-c433-4aee-8722-87955185d808,83.18,Puerto Rico,tablet,0,False,2026-06-12T09:36:38.623878,,0.00190439634025097,0.08,0,0,9
9418,aa5fb4cb-758b-498f-976b-ea1886ffcc3d,250.07,Grenada,tablet,0,False,2026-06-12T09:36:39.018574,,0.00037066315417178,0.01,0,0,9
9419,1e25bacf-5179-42fc-b335-a4ed5e804a51,138.81,Norway,web,0,False,2026-06-12T09:36:39.389852,,0.000278673716820776,0.01,0,0,9
9420,a11e66d9-b08f-4036-8333-df02617e84e0,401.72,Romania,tablet,0,False,2026-06-12T09:36:39.729235,,0.00128333177417517,0.05,0,0,9
9421,5e6afdb4-5106-4287-a558-c06bcd465e84,35000.0,Luxembourg,mobile,50,False,2026-06-12T09:36:41.521145,Large Amount Transaction,0.923499047756195,66.94,0,0,9
9422,155d5e30-3c91-4703-a8c2-829bdb432135,102.38,Czech Republic,mobile,0,False,2026-06-12T09:36:42.5703,,0.00190439634025097,0.08,0,0,9
9423,177a3942-5de6-457d-b4af-82b79ce0a649,109.22,Trinidad and Tobago,tablet,0,False,2026-06-12T09:36:42.928848,,0.0184214431792498,0.74,0,0,9
9424,bab92479-a69e-438c-94f4-cacf9d203c31,361.94,French Guiana,web,0,False,2026-06-12T09:36:43.31624,,0.00128333177417517,0.05,0,0,9
9425,11fce940-3040-44c4-b14c-aa5d8af49942,463.44,Cook Islands,tablet,0,False,2026-06-12T09:36:43.773279,,0.00128333177417517,0.05,0,0,9
9426,bab92479-a69e-438c-94f4-cacf9d203c31,25000.0,French Guiana,web,50,False,2026-06-12T09:36:45.110315,Large Amount Transaction,0.918588399887085,66.74,0,0,9
9427,7c56da77-a1cd-41fd-a150-6329bb1bee90,219.53,Kazakhstan,tablet,0,False,2026-06-12T09:36:45.724594,,0.000278673716820776,0.01,0,0,9
9428,fe3d5545-89d6-4ed1-8f2f-03171bcdf38d,141.8,Cambodia,mobile,0,False,2026-06-12T09:36:46.99137,,0.000278673716820776,0.01,0,0,9
9429,ac2489d8-632e-4386-ac6d-6057105f3d1e,466.09,Christmas Island,tablet,0,False,2026-06-12T09:36:47.756168,,0.00128333177417517,0.05,0,0,9
9430,9f9c8d5f-9337-4708-8bc6-f1c6db3784fc,215.03,Finland,mobile,0,False,2026-06-12T09:36:49.02855,,0.000278673716820776,0.01,0,0,9
9431,06d7dcb3-fda0-4e2f-a0f4-65a9a921568d,50000.0,Saint Vincent and the Grenadines,web,50,False,2026-06-12T09:36:51.071345,Large Amount Transaction,0.953642308712006,68.15,0,0,9
9432,56305255-d4ee-4a10-85d6-59ca05d77ed8,251.17,Spain,tablet,0,False,2026-06-12T09:36:51.453363,,0.00037066315417178,0.01,0,0,9
9433,d72849d9-78a0-44d1-b8c3-53b544af3051,459.3,Austria,web,0,False,2026-06-12T09:36:51.791475,,0.00128333177417517,0.05,0,0,9
9434,3f1d281d-2daa-47c4-a9fe-28e1a857ffd4,88.64,Pitcairn Islands,tablet,0,False,2026-06-12T09:36:53.014653,,0.00190439634025097,0.08,0,0,9
9435,f7ea07bd-f4b8-400b-9fb1-63da2e01a76b,142.51,Gibraltar,tablet,0,False,2026-06-12T09:36:53.76426,,0.000278673716820776,0.01,0,0,9
9436,3dda87a5-5e2b-4a75-8980-f3d32de4180a,25000.0,Papua New Guinea,tablet,50,False,2026-06-12T09:36:55.599096,Large Amount Transaction,0.918588399887085,66.74,0,0,9
9437,2b143116-f177-4ec8-9202-9b6e40a581d3,56.15,Cape Verde,tablet,0,False,2026-06-12T09:36:55.980445,,0.0110521968454123,0.44,0,0,9
9438,2656481e-ad4a-4bcb-8305-a000a8e10d6e,413.52,Georgia,mobile,0,False,2026-06-12T09:36:56.78665,,0.00128333177417517,0.05,0,0,9
9439,8b0a632c-4605-4eeb-ac19-1a75e578d73a,133.92,Christmas Island,mobile,0,False,2026-06-12T09:36:57.863967,,0.000278673716820776,0.01,0,0,9
9440,3a282bbe-3fd2-4aa2-a7ca-aa71a9b91cbd,388.04,Mauritania,mobile,0,False,2026-06-12T09:36:58.775562,,0.00128333177417517,0.05,0,0,9
9441,2b143116-f177-4ec8-9202-9b6e40a581d3,25000.0,Cape Verde,tablet,50,False,2026-06-12T09:37:01.00557,Large Amount Transaction,0.918588399887085,66.74,0,0,9
9442,177a3942-5de6-457d-b4af-82b79ce0a649,87.08,Trinidad and Tobago,tablet,0,False,2026-06-12T09:37:01.957066,,0.00190439634025097,0.08,0,0,9
9443,8ff89b42-55d8-46ac-b75b-f02009293d37,467.77,Switzerland,tablet,0,False,2026-06-12T09:37:02.510195,,0.00128333177417517,0.05,0,0,9
9444,582f343b-a9c9-45ac-9e66-7778d23c879a,221.97,Zimbabwe,tablet,0,False,2026-06-12T09:37:02.903013,,0.000278673716820776,0.01,0,0,9
9445,4cdd7716-ae71-4d6e-b386-8a897309d781,476.42,Saint Martin,web,0,False,2026-06-12T09:37:03.832306,,0.00128333177417517,0.05,0,0,9
9446,1e25bacf-5179-42fc-b335-a4ed5e804a51,25000.0,Norway,web,50,False,2026-06-12T09:37:05.386187,Large Amount Transaction,0.918588399887085,66.74,0,0,9
9447,4528f83f-569d-4d54-9013-41ab1d04da59,225.25,Iceland,mobile,0,False,2026-06-12T09:37:05.801482,,0.000278673716820776,0.01,0,0,9
9448,eeaf0cfe-a227-40db-9bd4-5011ee603328,532.62,Mali,mobile,0,False,2026-06-12T09:37:06.81308,,0.00128333177417517,0.05,0,0,9
9449,86e18f2d-5537-43d9-83a7-826bfe7ffe6e,277.62,Tajikistan,mobile,0,False,2026-06-12T09:37:08.463264,,0.00128333177417517,0.05,0,0,9
9450,8429c53f-e4e3-4538-ae8f-2d6a146853ee,384.39,Cambodia,mobile,0,False,2026-06-12T09:37:08.954152,,0.00128333177417517,0.05,0,0,9
9451,1e25bacf-5179-42fc-b335-a4ed5e804a51,35000.0,Norway,web,50,False,2026-06-12T09:37:11.125798,Large Amount Transaction,0.923499047756195,66.94,0,0,9
9452,2fb5eb00-4e61-4370-a65f-e7b902113554,291.98,Azerbaijan,tablet,0,False,2026-06-12T09:37:11.512565,,0.00128333177417517,0.05,0,0,9
9453,2656481e-ad4a-4bcb-8305-a000a8e10d6e,137.23,Georgia,mobile,0,False,2026-06-12T09:37:11.876655,,0.000278673716820776,0.01,0,0,9
9454,a222b003-93ef-455a-8d5a-150e77198d43,271.62,Svalbard & Jan Mayen Islands,mobile,0,False,2026-06-12T09:37:12.786709,,0.00128333177417517,0.05,0,0,9
9455,eeaf0cfe-a227-40db-9bd4-5011ee603328,595.92,Mali,mobile,0,False,2026-06-12T09:37:14.296504,,0.00128333177417517,0.05,0,0,9
9456,155d5e30-3c91-4703-a8c2-829bdb432135,25000.0,Czech Republic,mobile,50,False,2026-06-12T09:37:15.852988,Large Amount Transaction,0.918588399887085,66.74,0,0,9
9457,3dda87a5-5e2b-4a75-8980-f3d32de4180a,73.27,Papua New Guinea,tablet,0,False,2026-06-12T09:37:16.781985,,0.0110521968454123,0.44,0,0,9
9458,3a976aac-d5c3-4693-b3e2-5df84d9ba870,140.53,Panama,web,0,False,2026-06-12T09:37:17.477206,,0.000278673716820776,0.01,0,0,9
9459,8e33e713-3bc1-4cde-9fe9-e66b1f941456,287.96,Western Sahara,mobile,0,False,2026-06-12T09:37:18.201891,,0.00128333177417517,0.05,0,0,9
9460,06d7dcb3-fda0-4e2f-a0f4-65a9a921568d,202.16,Saint Vincent and the Grenadines,web,0,False,2026-06-12T09:37:19.015994,,0.000278673716820776,0.01,0,0,9
9461,ed549761-87e7-4e9f-bb3d-0fdd8f449050,25000.0,Saint Martin,tablet,50,False,2026-06-12T09:37:21.319137,Large Amount Transaction,0.918588399887085,66.74,0,0,9
9462,582f343b-a9c9-45ac-9e66-7778d23c879a,203.28,Zimbabwe,tablet,0,False,2026-06-12T09:37:21.797887,,0.000278673716820776,0.01,0,0,9
9463,e4699fd1-2d55-4ab7-b7a8-10d13b5d9057,252.53,Uruguay,tablet,0,False,2026-06-12T09:37:22.173679,,0.00037066315417178,0.01,0,0,9
9464,3f4f6281-8c3d-4b26-9516-5c3acc5ed053,226.56,Guadeloupe,mobile,0,False,2026-06-12T09:37:23.596876,,0.000278673716820776,0.01,0,0,9
9465,052a9171-6742-4a70-8db8-b9267e30d1f1,349.92,Azerbaijan,mobile,0,False,2026-06-12T09:37:24.357254,,0.00128333177417517,0.05,0,0,9
9466,aef5b2fd-5fe9-40a2-8bf2-ecf6523d1b2a,50000.0,Cape Verde,tablet,50,False,2026-06-12T09:37:28.702097,Large Amount Transaction,0.953642308712006,68.15,0,0,9
9467,37a5cf2c-b700-4417-8f7f-4b86c5aca706,74.55,Egypt,web,0,False,2026-06-12T09:37:29.348385,,0.0110521968454123,0.44,0,0,9
9468,177a3942-5de6-457d-b4af-82b79ce0a649,82.32,Trinidad and Tobago,tablet,30,False,2026-06-12T09:37:29.721165,Too many transactions in a short period of time,0.00190439634025097,18.08,0,0,9
9469,052a9171-6742-4a70-8db8-b9267e30d1f1,184.0,Azerbaijan,mobile,0,False,2026-06-12T09:37:30.649046,,0.000278673716820776,0.01,0,0,9
9470,a8aaa8ad-074b-4819-99b9-d4c338812b07,362.87,Kuwait,web,0,False,2026-06-12T09:37:31.053854,,0.00128333177417517,0.05,0,0,9
9471,8ff89b42-55d8-46ac-b75b-f02009293d37,50000.0,Switzerland,tablet,50,False,2026-06-12T09:37:32.143215,Large Amount Transaction,0.953642308712006,68.15,0,0,9
9472,1d6a5300-7dd9-43d7-98bd-8cb6bf4d11f0,115.98,Brazil,web,0,False,2026-06-12T09:37:32.541415,,0.000278673716820776,0.01,0,0,9
9473,54631c19-c244-45bf-b0eb-2da3c50b641f,315.19,Kuwait,mobile,0,False,2026-06-12T09:37:34.093243,,0.00128333177417517,0.05,0,0,9
9474,c1c20160-6ff7-4eb8-8727-6ef9cf6a4f73,318.67,Czech Republic,tablet,0,False,2026-06-12T09:37:34.584536,,0.00128333177417517,0.05,0,0,9
9475,90e11c31-bf65-49d1-a545-ff52b58eef8d,382.63,Aruba,mobile,0,False,2026-06-12T09:37:34.968477,,0.00128333177417517,0.05,0,0,9
9476,3209a90c-ca58-4d4d-8c66-445af212a6d6,50000.0,Samoa,mobile,50,False,2026-06-12T09:37:35.671996,Large Amount Transaction,0.953642308712006,68.15,0,0,9
9477,ac2489d8-632e-4386-ac6d-6057105f3d1e,472.46,Christmas Island,tablet,0,False,2026-06-12T09:37:36.053227,,0.00128333177417517,0.05,0,0,9
9478,11fce940-3040-44c4-b14c-aa5d8af49942,349.94,Cook Islands,tablet,0,False,2026-06-12T09:37:36.915586,,0.00128333177417517,0.05,0,0,9
9479,a222b003-93ef-455a-8d5a-150e77198d43,158.28,Svalbard & Jan Mayen Islands,mobile,0,False,2026-06-12T09:37:38.420758,,0.000278673716820776,0.01,0,0,9
9480,ef4827af-0b25-4890-9b5f-e87590fdc24b,393.46,Latvia,web,0,False,2026-06-12T09:37:38.834567,,0.00128333177417517,0.05,0,0,9
9481,2ef6a68c-163f-45a8-95da-0652be040d82,25000.0,Italy,web,50,False,2026-06-12T09:37:40.980555,Large Amount Transaction,0.918588399887085,66.74,0,0,9
9482,efa0191f-29e2-49b1-a689-e4e6b87fd049,275.35,Ecuador,web,0,False,2026-06-12T09:37:41.834882,,0.00128333177417517,0.05,0,0,9
9483,56305255-d4ee-4a10-85d6-59ca05d77ed8,194.52,Spain,tablet,0,False,2026-06-12T09:37:42.217632,,0.000278673716820776,0.01,0,0,9
9484,657b3aff-cb09-41cb-8038-ece0a732adcd,232.04,Kyrgyz Republic,tablet,0,False,2026-06-12T09:37:42.950068,,0.000278673716820776,0.01,0,0,9
9485,733c14b5-acbb-4e00-b3bf-b542ab3697d3,395.75,Greenland,tablet,0,False,2026-06-12T09:37:44.1305,,0.00128333177417517,0.05,0,0,9
9486,ba533b6e-4348-47e2-ad15-44129b97a732,50000.0,Andorra,web,50,False,2026-06-12T09:37:45.244732,Large Amount Transaction,0.953642308712006,68.15,0,0,9
9487,ef4827af-0b25-4890-9b5f-e87590fdc24b,526.7,Latvia,web,0,False,2026-06-12T09:37:46.786852,,0.00128333177417517,0.05,0,0,9
9488,5403d9b3-f7ca-43ca-8e33-8fa2f17fa349,192.69,British Indian Ocean Territory (Chagos Archipelago),web,0,False,2026-06-12T09:37:47.432936,,0.000278673716820776,0.01,0,0,9
9489,a025e1eb-e9d3-4e2d-9b94-7855a9e5fd45,389.23,New Caledonia,tablet,0,False,2026-06-12T09:37:48.796635,,0.00128333177417517,0.05,0,0,9
9490,c1763fa2-074f-4db4-a8c1-068d3c38d34a,346.41,New Caledonia,mobile,0,False,2026-06-12T09:37:49.683187,,0.00128333177417517,0.05,0,0,9
9491,4528f83f-569d-4d54-9013-41ab1d04da59,50000.0,Iceland,mobile,50,False,2026-06-12T09:37:50.448745,Large Amount Transaction,0.953642308712006,68.15,0,0,9
9492,54631c19-c244-45bf-b0eb-2da3c50b641f,434.16,Kuwait,mobile,0,False,2026-06-12T09:37:51.568715,,0.00128333177417517,0.05,0,0,9
9493,404d2f9b-cae7-4347-a9c8-a3302160941f,315.74,Congo,tablet,0,False,2026-06-12T09:37:51.980492,,0.00128333177417517,0.05,0,0,9
9494,7c56da77-a1cd-41fd-a150-6329bb1bee90,182.34,Kazakhstan,tablet,0,False,2026-06-12T09:37:53.356879,,0.000278673716820776,0.01,0,0,9
9495,0a2f8be7-bf13-4e5f-9777-f626aa23a1de,385.4,Malawi,mobile,0,False,2026-06-12T09:37:53.912331,,0.00128333177417517,0.05,0,0,9
9496,ed755cf4-817f-41b4-a603-7f507e92ecde,25000.0,North Macedonia,web,50,False,2026-06-12T09:37:55.223311,Large Amount Transaction,0.918588399887085,66.74,0,0,9
9497,150e8d9e-254f-468b-bb90-eb1f80a32017,142.61,Botswana,tablet,0,False,2026-06-12T09:37:56.902191,,0.000278673716820776,0.01,0,0,9
9498,90e11c31-bf65-49d1-a545-ff52b58eef8d,305.83,Aruba,mobile,0,False,2026-06-12T09:37:57.658431,,0.00128333177417517,0.05,0,0,9
9499,a025e1eb-e9d3-4e2d-9b94-7855a9e5fd45,484.36,New Caledonia,tablet,0,False,2026-06-12T09:37:58.029156,,0.00128333177417517,0.05,0,0,9
9500,bab92479-a69e-438c-94f4-cacf9d203c31,521.23,French Guiana,web,0,False,2026-06-12T09:37:58.881491,,0.00128333177417517,0.05,0,0,9
9501,aa5fb4cb-758b-498f-976b-ea1886ffcc3d,25000.0,Grenada,tablet,50,False,2026-06-12T09:38:00.673929,Large Amount Transaction,0.918588399887085,66.74,0,0,9
9502,1c90a7b8-2c91-4c3f-8f24-95ef67dff31c,152.15,Cyprus,tablet,0,False,2026-06-12T09:38:01.541363,,0.000278673716820776,0.01,0,0,9
9503,677ee3df-1b75-4921-8278-f13461361949,309.7,El Salvador,web,0,False,2026-06-12T09:38:01.97158,,0.00128333177417517,0.05,0,0,9
9504,2b143116-f177-4ec8-9202-9b6e40a581d3,73.2,Cape Verde,tablet,0,False,2026-06-12T09:38:03.470595,,0.0110521968454123,0.44,0,0,9
9505,3f1d281d-2daa-47c4-a9fe-28e1a857ffd4,148.82,Pitcairn Islands,tablet,0,False,2026-06-12T09:38:03.900402,,0.000278673716820776,0.01,0,0,9
9506,8ff89b42-55d8-46ac-b75b-f02009293d37,35000.0,Switzerland,tablet,50,False,2026-06-12T09:38:05.68281,Large Amount Transaction,0.923499047756195,66.94,0,0,9
9507,4ca169c5-2122-4223-b848-47703d698c91,409.93,Turkey,tablet,0,False,2026-06-12T09:38:06.105625,,0.00128333177417517,0.05,0,0,9
9508,0a2f8be7-bf13-4e5f-9777-f626aa23a1de,244.88,Malawi,mobile,0,False,2026-06-12T09:38:06.8809,,0.00037066315417178,0.01,0,0,9
9509,4528f83f-569d-4d54-9013-41ab1d04da59,209.26,Iceland,mobile,0,False,2026-06-12T09:38:08.016131,,0.000278673716820776,0.01,0,0,9
9510,4cdd7716-ae71-4d6e-b386-8a897309d781,457.94,Saint Martin,web,0,False,2026-06-12T09:38:09.422185,,0.00128333177417517,0.05,0,0,9
9511,7c56da77-a1cd-41fd-a150-6329bb1bee90,50000.0,Kazakhstan,tablet,50,False,2026-06-12T09:38:10.619896,Large Amount Transaction,0.953642308712006,68.15,0,0,9
9512,004887a0-ee0e-4eec-8816-feef9fc84f63,192.34,Central African Republic,tablet,0,False,2026-06-12T09:38:11.025486,,0.000278673716820776,0.01,0,0,9
9513,b89350bd-41aa-4930-9f55-8ffa95e3f296,148.38,Senegal,web,0,False,2026-06-12T09:38:11.92382,,0.000278673716820776,0.01,0,0,9
9514,b89350bd-41aa-4930-9f55-8ffa95e3f296,143.95,Senegal,web,0,False,2026-06-12T09:38:12.921401,,0.000278673716820776,0.01,0,0,9
9515,8e33e713-3bc1-4cde-9fe9-e66b1f941456,205.56,Western Sahara,mobile,0,False,2026-06-12T09:38:13.900303,,0.000278673716820776,0.01,0,0,9
9516,a2635b89-a092-4f7f-ac6e-3f22e786d804,50000.0,Ireland,web,50,False,2026-06-12T09:38:15.807386,Large Amount Transaction,0.953642308712006,68.15,0,0,9
9517,a222b003-93ef-455a-8d5a-150e77198d43,413.9,Svalbard & Jan Mayen Islands,mobile,0,False,2026-06-12T09:38:16.178712,,0.00128333177417517,0.05,0,0,9
9518,709cc7a5-8424-4cc8-9344-a20622f38225,155.65,Reunion,mobile,0,False,2026-06-12T09:38:16.876877,,0.000278673716820776,0.01,0,0,9
9519,d72849d9-78a0-44d1-b8c3-53b544af3051,494.51,Austria,web,0,False,2026-06-12T09:38:17.972185,,0.00128333177417517,0.05,0,0,9
9520,677ee3df-1b75-4921-8278-f13461361949,299.23,El Salvador,web,0,False,2026-06-12T09:38:19.219018,,0.00128333177417517,0.05,0,0,9
9521,11fce940-3040-44c4-b14c-aa5d8af49942,25000.0,Cook Islands,tablet,50,False,2026-06-12T09:38:21.979402,Large Amount Transaction,0.918588399887085,66.74,0,0,9
9522,48d4c1b7-1130-43ff-8f4a-ce9b14fbbaf4,271.87,Panama,web,0,False,2026-06-12T09:38:22.389423,,0.00128333177417517,0.05,0,0,9
9523,98d6b526-3ac2-4758-b7c8-4095408a1f45,394.84,Djibouti,mobile,0,False,2026-06-12T09:38:22.773592,,0.00128333177417517,0.05,0,0,9
9524,8ff89b42-55d8-46ac-b75b-f02009293d37,377.83,Switzerland,tablet,0,False,2026-06-12T09:38:23.241583,,0.00128333177417517,0.05,0,0,9
9525,b89350bd-41aa-4930-9f55-8ffa95e3f296,118.13,Senegal,web,0,False,2026-06-12T09:38:23.973231,,0.000278673716820776,0.01,0,0,9
9526,8429c53f-e4e3-4538-ae8f-2d6a146853ee,25000.0,Cambodia,mobile,50,False,2026-06-12T09:38:26.056618,Large Amount Transaction,0.918588399887085,66.74,0,0,9
9527,ed549761-87e7-4e9f-bb3d-0fdd8f449050,278.25,Saint Martin,tablet,30,False,2026-06-12T09:38:26.528364,Too many transactions in a short period of time,0.00128333177417517,18.05,0,0,9
9528,4ca169c5-2122-4223-b848-47703d698c91,254.33,Turkey,tablet,0,False,2026-06-12T09:38:27.783951,,0.00037066315417178,0.01,0,0,9
9529,c71fab3a-c105-4f30-8e17-9081b39bfff3,150.13,Bhutan,tablet,0,False,2026-06-12T09:38:28.179983,,0.000278673716820776,0.01,0,0,9
9530,48d4c1b7-1130-43ff-8f4a-ce9b14fbbaf4,454.22,Panama,web,0,False,2026-06-12T09:38:28.918881,,0.00128333177417517,0.05,0,0,9
9531,1c90a7b8-2c91-4c3f-8f24-95ef67dff31c,35000.0,Cyprus,tablet,50,False,2026-06-12T09:38:31.062286,Large Amount Transaction,0.923499047756195,66.94,0,0,9
9532,3f1d281d-2daa-47c4-a9fe-28e1a857ffd4,129.24,Pitcairn Islands,tablet,0,False,2026-06-12T09:38:31.825284,,0.000278673716820776,0.01,0,0,9
9533,aa5fb4cb-758b-498f-976b-ea1886ffcc3d,338.13,Grenada,tablet,0,False,2026-06-12T09:38:32.300305,,0.00128333177417517,0.05,0,0,9
9534,8429c53f-e4e3-4538-ae8f-2d6a146853ee,409.05,Cambodia,mobile,0,False,2026-06-12T09:38:32.963866,,0.00128333177417517,0.05,0,0,9
9535,5e6afdb4-5106-4287-a558-c06bcd465e84,108.71,Luxembourg,mobile,0,False,2026-06-12T09:38:33.942872,,0.00190439634025097,0.08,0,0,9
9536,733c14b5-acbb-4e00-b3bf-b542ab3697d3,25000.0,Greenland,tablet,50,False,2026-06-12T09:38:35.31904,Large Amount Transaction,0.918588399887085,66.74,0,0,9
9537,709cc7a5-8424-4cc8-9344-a20622f38225,113.32,Reunion,mobile,0,False,2026-06-12T09:38:35.938304,,0.000278673716820776,0.01,0,0,9
9538,ed755cf4-817f-41b4-a603-7f507e92ecde,432.33,North Macedonia,web,0,False,2026-06-12T09:38:36.955094,,0.00128333177417517,0.05,0,0,9
9539,3a282bbe-3fd2-4aa2-a7ca-aa71a9b91cbd,301.58,Mauritania,mobile,0,False,2026-06-12T09:38:37.959265,,0.00128333177417517,0.05,0,0,9
9540,c1c20160-6ff7-4eb8-8727-6ef9cf6a4f73,327.42,Czech Republic,tablet,0,False,2026-06-12T09:38:38.948493,,0.00128333177417517,0.05,0,0,9
9541,79f31099-560a-4353-bb6e-c131951492da,25000.0,Greece,mobile,50,False,2026-06-12T09:38:40.320113,Large Amount Transaction,0.918588399887085,66.74,0,0,9
9542,b501ce32-1dcf-4dbf-8cbd-d6467378bf78,153.03,Vietnam,tablet,0,False,2026-06-12T09:38:41.385348,,0.000278673716820776,0.01,0,0,9
9543,2b143116-f177-4ec8-9202-9b6e40a581d3,59.07,Cape Verde,tablet,30,False,2026-06-12T09:38:42.006283,Too many transactions in a short period of time,0.0110521968454123,18.44,0,0,9
9544,3dda87a5-5e2b-4a75-8980-f3d32de4180a,80.46,Papua New Guinea,tablet,0,False,2026-06-12T09:38:42.919803,,0.00190439634025097,0.08,0,0,9
9545,155d5e30-3c91-4703-a8c2-829bdb432135,105.08,Czech Republic,mobile,0,False,2026-06-12T09:38:43.945379,,0.00190439634025097,0.08,0,0,9
9546,aa5fb4cb-758b-498f-976b-ea1886ffcc3d,50000.0,Grenada,tablet,50,False,2026-06-12T09:38:46.142065,Large Amount Transaction,0.953642308712006,68.15,0,0,9
9547,7c56da77-a1cd-41fd-a150-6329bb1bee90,257.56,Kazakhstan,tablet,30,False,2026-06-12T09:38:47.019127,Too many transactions in a short period of time,0.00037066315417178,18.01,0,0,9
9548,be3617df-fa86-4339-95f6-a189f0b4f7b6,256.97,Guernsey,mobile,0,False,2026-06-12T09:38:47.391765,,0.00037066315417178,0.01,0,0,9
9549,be3617df-fa86-4339-95f6-a189f0b4f7b6,157.7,Guernsey,mobile,0,False,2026-06-12T09:38:47.977734,,0.000278673716820776,0.01,0,0,9
9550,8ff89b42-55d8-46ac-b75b-f02009293d37,512.09,Switzerland,tablet,30,False,2026-06-12T09:38:48.953161,Too many transactions in a short period of time,0.00128333177417517,18.05,0,0,9
9551,404d2f9b-cae7-4347-a9c8-a3302160941f,25000.0,Congo,tablet,50,False,2026-06-12T09:38:50.900235,Large Amount Transaction,0.918588399887085,66.74,0,0,9
9552,2b143116-f177-4ec8-9202-9b6e40a581d3,72.77,Cape Verde,tablet,30,False,2026-06-12T09:38:51.80525,Too many transactions in a short period of time,0.0110521968454123,18.44,0,0,9
9553,a025e1eb-e9d3-4e2d-9b94-7855a9e5fd45,342.4,New Caledonia,tablet,0,False,2026-06-12T09:38:52.193072,,0.00128333177417517,0.05,0,0,9
9554,a76072ef-6c59-4614-8f9a-d154ef065962,120.75,British Virgin Islands,web,0,False,2026-06-12T09:38:52.975752,,0.000278673716820776,0.01,0,0,9
9555,c1c20160-6ff7-4eb8-8727-6ef9cf6a4f73,264.04,Czech Republic,tablet,0,False,2026-06-12T09:38:53.964568,,0.0210982449352741,0.84,0,0,9
9556,0a2f8be7-bf13-4e5f-9777-f626aa23a1de,35000.0,Malawi,mobile,50,False,2026-06-12T09:38:55.389806,Large Amount Transaction,0.923499047756195,66.94,0,0,9
9557,b3cd7d0c-542f-4f2d-8e98-7962a06f90d7,192.17,Cayman Islands,web,0,False,2026-06-12T09:38:55.9816,,0.000278673716820776,0.01,0,0,9
9558,ba533b6e-4348-47e2-ad15-44129b97a732,197.7,Andorra,web,0,False,2026-06-12T09:38:56.970688,,0.000278673716820776,0.01,0,0,9
9559,aa3789d7-a67b-4256-afba-398a1e9fbc85,338.85,New Caledonia,mobile,0,False,2026-06-12T09:38:57.967544,,0.00128333177417517,0.05,0,0,9
9560,58d83f88-c433-4aee-8722-87955185d808,79.03,Puerto Rico,tablet,0,False,2026-06-12T09:38:58.943703,,0.00190439634025097,0.08,0,0,9
9561,79f31099-560a-4353-bb6e-c131951492da,35000.0,Greece,mobile,50,False,2026-06-12T09:39:00.371444,Large Amount Transaction,0.923499047756195,66.94,0,0,9
9562,3f4f6281-8c3d-4b26-9516-5c3acc5ed053,290.14,Guadeloupe,mobile,0,False,2026-06-12T09:39:00.943376,,0.00128333177417517,0.05,0,0,9
9563,06d7dcb3-fda0-4e2f-a0f4-65a9a921568d,312.82,Saint Vincent and the Grenadines,web,0,False,2026-06-12T09:39:01.951668,,0.00128333177417517,0.05,0,0,9
9564,9835a674-db53-4597-a9fa-06ea3a06c5de,279.23,Sweden,web,0,False,2026-06-12T09:39:02.9709,,0.00128333177417517,0.05,0,0,9
9565,98d6b526-3ac2-4758-b7c8-4095408a1f45,472.4,Djibouti,mobile,0,False,2026-06-12T09:39:04.083444,,0.00128333177417517,0.05,0,0,9
9566,8b0a632c-4605-4eeb-ac19-1a75e578d73a,35000.0,Christmas Island,mobile,90,True,2026-06-12T09:39:05.411639,"Large Amount Transaction,Sudden hike in the transaction which is suspicious...",0.923499047756195,90.94,0,0,9
9567,79f31099-560a-4353-bb6e-c131951492da,533.78,Greece,mobile,0,False,2026-06-12T09:39:06.023898,,0.00128333177417517,0.05,0,0,9
9568,4cfa39f2-41aa-48d3-9774-cbff44e39a9c,443.33,French Guiana,web,0,False,2026-06-12T09:39:06.958361,,0.00128333177417517,0.05,0,0,9
9569,1c90a7b8-2c91-4c3f-8f24-95ef67dff31c,277.47,Cyprus,tablet,30,False,2026-06-12T09:39:09.430118,Too many transactions in a short period of time,0.00128333177417517,18.05,0,0,9
9570,582f343b-a9c9-45ac-9e66-7778d23c879a,185.92,Zimbabwe,tablet,0,False,2026-06-12T09:39:09.861419,,0.000278673716820776,0.01,0,0,9
9571,f5c910fa-5e89-44a0-a51d-b6cf5b4e5514,35000.0,Isle of Man,tablet,50,False,2026-06-12T09:39:10.602767,Large Amount Transaction,0.923499047756195,66.94,0,0,9
9572,4e3049c2-6d98-467b-99eb-f212ab41fae6,212.96,New Caledonia,tablet,0,False,2026-06-12T09:39:10.998715,,0.000278673716820776,0.01,0,0,9
9573,a025e1eb-e9d3-4e2d-9b94-7855a9e5fd45,445.81,New Caledonia,tablet,0,False,2026-06-12T09:39:12.045265,,0.00128333177417517,0.05,0,0,9
9574,f5c910fa-5e89-44a0-a51d-b6cf5b4e5514,254.26,Isle of Man,tablet,0,False,2026-06-12T09:39:12.975595,,0.00037066315417178,0.01,0,0,9
9575,4cdd7716-ae71-4d6e-b386-8a897309d781,489.33,Saint Martin,web,0,False,2026-06-12T09:39:13.974927,,0.00128333177417517,0.05,0,0,9
9576,b89350bd-41aa-4930-9f55-8ffa95e3f296,35000.0,Senegal,web,50,False,2026-06-12T09:39:15.338884,Large Amount Transaction,0.923499047756195,66.94,0,0,9
9577,4cabde3a-7ac1-4178-96d9-335b5b20efef,408.72,El Salvador,tablet,0,False,2026-06-12T09:39:15.948245,,0.00128333177417517,0.05,0,0,9
9578,8e33e713-3bc1-4cde-9fe9-e66b1f941456,210.73,Western Sahara,mobile,0,False,2026-06-12T09:39:16.960496,,0.000278673716820776,0.01,0,0,9
9579,f855de3e-26b7-4f72-9fb4-3a7c95435653,177.21,Guinea-Bissau,web,0,False,2026-06-12T09:39:17.976543,,0.000278673716820776,0.01,0,0,9
9580,657b3aff-cb09-41cb-8038-ece0a732adcd,321.8,Kyrgyz Republic,tablet,0,False,2026-06-12T09:39:18.989483,,0.00128333177417517,0.05,0,0,9
9581,bab92479-a69e-438c-94f4-cacf9d203c31,25000.0,French Guiana,web,50,False,2026-06-12T09:39:20.436901,Large Amount Transaction,0.918588399887085,66.74,0,0,9
9582,f289d53b-4ecf-4029-9a10-dcce3f4cf795,57.37,Slovenia,mobile,0,False,2026-06-12T09:39:23.185352,,0.0110521968454123,0.44,0,0,9
9583,2ef6a68c-163f-45a8-95da-0652be040d82,395.93,Italy,web,0,False,2026-06-12T09:39:23.558862,,0.00128333177417517,0.05,0,0,9
9584,a11e66d9-b08f-4036-8333-df02617e84e0,434.56,Romania,tablet,0,False,2026-06-12T09:39:23.910777,,0.00128333177417517,0.05,0,0,9
9585,d19710ba-99fc-40ce-84bc-7d176c518f12,380.75,Wallis and Futuna,tablet,0,False,2026-06-12T09:39:24.284872,,0.00128333177417517,0.05,0,0,9
9586,4cfa39f2-41aa-48d3-9774-cbff44e39a9c,35000.0,French Guiana,web,50,False,2026-06-12T09:39:25.416637,Large Amount Transaction,0.923499047756195,66.94,0,0,9
9587,f289d53b-4ecf-4029-9a10-dcce3f4cf795,57.07,Slovenia,mobile,0,False,2026-06-12T09:39:26.003569,,0.0110521968454123,0.44,0,0,9
9588,9835a674-db53-4597-a9fa-06ea3a06c5de,356.16,Sweden,web,0,False,2026-06-12T09:39:27.019694,,0.00128333177417517,0.05,0,0,9
9589,f5c910fa-5e89-44a0-a51d-b6cf5b4e5514,241.57,Isle of Man,tablet,0,False,2026-06-12T09:39:28.029228,,0.000278673716820776,0.01,0,0,9
9590,3f1d281d-2daa-47c4-a9fe-28e1a857ffd4,133.31,Pitcairn Islands,tablet,0,False,2026-06-12T09:39:29.006997,,0.000278673716820776,0.01,0,0,9
9591,4ca169c5-2122-4223-b848-47703d698c91,25000.0,Turkey,tablet,50,False,2026-06-12T09:39:30.348391,Large Amount Transaction,0.918588399887085,66.74,0,0,9
9592,86e18f2d-5537-43d9-83a7-826bfe7ffe6e,237.16,Tajikistan,mobile,0,False,2026-06-12T09:39:31.049782,,0.000278673716820776,0.01,0,0,9
9593,11fce940-3040-44c4-b14c-aa5d8af49942,610.57,Cook Islands,tablet,0,False,2026-06-12T09:39:32.248715,,0.00128333177417517,0.05,0,0,9
9594,4cabde3a-7ac1-4178-96d9-335b5b20efef,481.97,El Salvador,tablet,0,False,2026-06-12T09:39:33.253567,,0.00128333177417517,0.05,0,0,9
9595,8b0a632c-4605-4eeb-ac19-1a75e578d73a,167.44,Christmas Island,mobile,0,False,2026-06-12T09:39:35.014648,,0.000278673716820776,0.01,0,0,9
9596,a2635b89-a092-4f7f-ac6e-3f22e786d804,50000.0,Ireland,web,50,False,2026-06-12T09:39:35.737581,Large Amount Transaction,0.953642308712006,68.15,0,0,9
9597,1d6a5300-7dd9-43d7-98bd-8cb6bf4d11f0,135.41,Brazil,web,0,False,2026-06-12T09:39:37.070805,,0.000278673716820776,0.01,0,0,9
9598,9f9c8d5f-9337-4708-8bc6-f1c6db3784fc,171.78,Finland,mobile,0,False,2026-06-12T09:39:37.445764,,0.000278673716820776,0.01,0,0,9
9599,1d6a5300-7dd9-43d7-98bd-8cb6bf4d11f0,120.61,Brazil,web,0,False,2026-06-12T09:39:38.027131,,0.000278673716820776,0.01,0,0,9
9600,4ca169c5-2122-4223-b848-47703d698c91,538.17,Turkey,tablet,0,False,2026-06-12T09:39:39.257625,,0.00128333177417517,0.05,0,0,9
9601,f7ea07bd-f4b8-400b-9fb1-63da2e01a76b,35000.0,Gibraltar,tablet,50,False,2026-06-12T09:39:40.440781,Large Amount Transaction,0.923499047756195,66.94,0,0,9
9602,8cc521f1-3281-496f-9842-8c97b4ae414b,326.29,Rwanda,mobile,0,False,2026-06-12T09:39:41.009662,,0.00128333177417517,0.05,0,0,9
9603,e4699fd1-2d55-4ab7-b7a8-10d13b5d9057,233.82,Uruguay,tablet,0,False,2026-06-12T09:39:43.007018,,0.000278673716820776,0.01,0,0,9
9604,2fb5eb00-4e61-4370-a65f-e7b902113554,399.72,Azerbaijan,tablet,0,False,2026-06-12T09:39:45.279012,,0.00128333177417517,0.05,0,0,9
